Imagem,entropy_d1,homogeneity_d1,entropy_d2,homogeneity_d2,entropy_d4,homogeneity_d4,entropy_d8,homogeneity_d8
ROI_00_0.png,3305.534422004332,36.100851453918054,3328.0962425763087,22.878163247474465,3293.846307230414,16.50700163031339,3189.188014485128,15.445180292218742
ROI_00_1.png,3340.9802418182126,33.33120392797213,3350.622657978333,19.18026012733266,3306.1035240055216,15.594584103231941,3206.3976197279717,14.512796143867348
ROI_00_2.png,3328.2145575518207,33.65253898196541,3334.196002282157,19.3729492469348,3294.607648832311,14.552072183329773,3194.2201719988584,15.06085567892979
ROI_00_3.png,3340.983656606296,35.00474754206367,3345.474840220106,21.507900164121615,3310.6357715517893,16.571309363546067,3200.7801698419967,15.56227734916784
ROI_00_4.png,3327.981612125926,34.429040366488465,3334.8583043696494,19.96168731102153,3294.932917808317,16.16826722425705,3193.58076769607,14.1656888366028
ROI_00_5.png,3319.5914713761304,37.20150043910735,3333.7454817847156,21.012594639466897,3290.8730262949744,15.772634608441917,3196.086670991763,17.140955505687288
ROI_00_6.png,3289.39197906245,37.62497522026396,3304.362643288174,21.218051663296812,3263.763734831365,19.65158186262692,3174.7045079053355,17.60456595922925
ROI_00_7.png,3279.239756451847,42.56389688238468,3285.478849992661,26.42474655052104,3256.7476811236934,21.00855261725043,3158.012039044105,22.046952826071262
ROI_00_8.png,3299.668251510437,38.52228281826616,3313.891072991742,23.81588440763817,3276.937713676383,18.361197933322362,3178.683839757226,20.06051973636689
ROI_00_9.png,3285.194628714633,41.14308974041296,3305.645058023631,25.791260555868813,3267.128625474767,19.677018584949806,3172.8582406673613,20.582658195769582
ROI_01_0.png,3290.66431242515,35.03913671371174,3302.9227146796275,23.57370601897464,3261.0384237984595,20.39000898892701,3159.3515207941955,19.076940131998256
ROI_01_1.png,3312.948112009603,33.419657303315645,3314.3914622447774,22.342447499047445,3281.593188128298,18.70694779201161,3178.300335365298,17.662799194559994
ROI_01_2.png,3258.3892596044916,38.33178130277142,3264.0388438849673,29.52920332483069,3236.287286600517,22.689063219029343,3144.326751660235,21.595103105225434
ROI_01_3.png,3266.055679549587,34.41866362513606,3290.7994560994593,24.501550600005725,3249.077362700183,20.855821886638772,3160.426095281807,20.710780184461527
ROI_01_4.png,3293.3086987565857,32.75724818615711,3307.4656595410383,22.34151791708287,3263.152630388999,17.364187897595052,3167.8912524122757,17.714252689027994
ROI_01_5.png,3259.828962533307,34.446781027193836,3277.867029201278,22.748422762764463,3244.9806707804782,20.251457582376993,3143.103061324286,22.214921531227102
ROI_01_6.png,3272.6716084612835,39.3004396864608,3286.796009658237,24.901338841689288,3245.7666353481545,21.273345759942906,3152.0434309947404,21.6602118467364
ROI_01_7.png,3258.5665601561745,39.00735500931564,3268.733357048513,27.63495308309104,3232.370034552231,26.222267083787393,3137.6849696966933,22.80666231845788
ROI_01_8.png,3291.476293876626,38.245501898447955,3298.91441744283,24.604674974456334,3266.4640380231795,19.64658824365418,3164.0930088677305,20.426265301929508
ROI_01_9.png,3244.135828946949,42.530554222302456,3266.8075612908565,26.277442948699864,3231.8399098869368,23.910327895673152,3148.1052286390573,20.08550468599
ROI_02_0.png,3283.5463220415763,39.007206697624866,3291.7184524872578,24.96883587013066,3257.813259466707,22.4009831862519,3157.4870468779923,21.060951205826584
ROI_02_1.png,3250.9000426299044,42.18748421343656,3259.6360618880617,27.7537955557613,3226.2137599869775,24.568558629749838,3134.6664190393753,25.217923690300683
ROI_02_2.png,3284.603267995484,38.92279162511848,3294.5052191487634,24.60246509474821,3255.3046404486186,20.788591792610447,3157.8229051684166,23.07563651908538
ROI_02_3.png,3311.4605175518486,36.2140478711152,3319.3596945368995,24.044272025621915,3284.569898676403,19.771399417069,3181.898708088721,19.46832670472958
ROI_02_4.png,3315.37001190762,36.72215549770652,3316.756181395604,22.42427052104785,3276.857835091637,19.830794928507714,3175.931424317368,17.49783646062971
ROI_02_5.png,3290.3953465716127,35.74406050766003,3298.3751572076962,25.299973962070588,3258.573103936901,20.356120393554498,3159.8364889433096,20.07524097175673
ROI_02_6.png,3296.8394381519256,35.68540062195645,3304.3489505592843,25.246301675641632,3266.0187975414883,21.79173682578712,3166.9313692258197,21.259922241361355
ROI_02_7.png,3174.0924867985204,46.91041429578921,3204.164354997144,33.195857256205656,3179.20776835913,26.080982480897447,3092.6164314659754,25.165654366245136
ROI_02_8.png,3292.943692582981,37.153262791996326,3306.6572260410826,23.55090672441665,3274.4224485248496,19.383895408099626,3181.312276207432,16.783177668975696
ROI_02_9.png,3195.4803972693026,45.048833137667664,3229.9708894035134,28.89705271626344,3201.0683959244675,24.404163482936355,3112.071704905308,26.528513622626264
ROI_03_0.png,3301.5022990096004,37.661438903490506,3304.115829733307,23.489558234635727,3281.714878268363,19.527122493146063,3180.3585749593117,20.30585509793618
ROI_03_1.png,3321.6166659966107,32.3976247190257,3319.5374712320663,22.954509793687205,3284.7716044892613,21.895355255062775,3183.5916370046357,20.568263727677433
ROI_03_2.png,3305.320571229468,35.859773314767516,3316.6313933210645,23.198099237365447,3275.750723003518,18.793517803108706,3175.45156285382,17.891962913390913
ROI_03_3.png,3308.4841083408783,37.66728931072537,3324.1443452970125,23.66592168865629,3284.804002983997,19.406807705708857,3186.370219503331,18.65854772828009
ROI_03_4.png,3325.619427619184,38.29502835028187,3332.071762444801,24.365401511328287,3295.347185187847,18.542113610557685,3191.145113895916,17.212741273695976
ROI_03_5.png,3327.183973026034,37.036924957621665,3331.4985985248586,21.20017713123265,3300.6960212048134,15.949388583130858,3193.9042547830986,15.47440976139072
ROI_03_6.png,3223.9896795607033,38.895886154850906,3239.675751915809,28.59572492287805,3210.4516628379893,24.128619024701273,3121.326299276,23.328736493590867
ROI_03_7.png,3325.241283278686,37.01169489114049,3329.2378944534125,26.185922433160115,3287.0128582892453,20.17268839107824,3183.841051050412,19.54541402840544
ROI_03_8.png,3316.4834417996735,35.17319780878459,3333.5851421217117,23.65148597469907,3291.9855558931654,19.29785530630457,3187.351613957329,17.476212587520912
ROI_03_9.png,3290.179576711702,38.330573505057814,3296.9525751014608,25.610208687140513,3270.0222401822316,22.46510177956838,3171.3653674963275,19.395721711391953
ROI_04_0.png,3308.2875731536747,36.80738730998529,3303.2844867922386,23.833178114769048,3268.4582114133887,20.641621026986922,3176.147189356598,19.636338781507664
ROI_04_1.png,3293.0695885891496,36.346547598976,3301.5599904483697,23.036394969173234,3263.3788846193374,20.74389248671897,3169.480766562012,21.73199885589645
ROI_04_2.png,3278.287811075926,40.06538201049695,3283.571714819693,27.55287622131281,3250.1209230147956,22.320572338175953,3159.11137552642,22.773776685365718
ROI_04_3.png,3334.657644238369,30.633092089689065,3345.290054786745,20.215860732717765,3298.018037923179,17.29946409748597,3196.6830973562487,15.81722884775047
ROI_04_4.png,3315.611029675045,35.24605205395777,3318.1461854027493,23.786220781789652,3285.696863988687,20.64588578258101,3184.8073004502867,18.68270659656416
ROI_04_5.png,3285.0577760695205,34.78943420962081,3299.288203282811,24.4091252721097,3266.729036614888,20.126986546456187,3165.5973926748507,20.44065614598432
ROI_04_6.png,3311.8306531734097,34.046449670236505,3325.2377375199676,22.6500748093427,3283.639354696222,19.111426238133756,3184.563082911865,18.02409862870185
ROI_04_7.png,3304.2251926060812,36.211311140164305,3310.490549725991,22.809614786784863,3271.7688745186883,20.943268408380764,3172.5630439205247,18.55464300405948
ROI_04_8.png,3298.784412298615,36.89372620730073,3312.8626643361263,26.240425898366745,3278.7965721746523,18.726215671960283,3181.630753470138,17.244252630335893
ROI_04_9.png,3317.751739088619,36.353909626283695,3320.2949390266563,23.587929473030847,3282.6744276447316,17.174935763920047,3179.253739995815,16.811736891255638
ROI_05_0.png,3179.933265733794,46.960718380543454,3192.585722123157,34.573839121391956,3164.3194872970016,29.416720218379425,3081.2724726208457,29.879351477234344
ROI_05_1.png,3212.5397536414234,47.6829222633372,3238.3090534343514,29.965202721115368,3197.7139549166423,25.683452043891492,3110.5911333711706,28.571711295900123
ROI_05_2.png,3150.7019204460244,49.36511624172701,3178.1099421581152,34.27626203073217,3156.650799222292,30.291773377457776,3077.1507377019507,29.7856910922004
ROI_05_3.png,3196.808550095807,49.20888845800369,3220.0688355874045,31.620863501296334,3196.594648609229,24.722857608476737,3111.2937002781873,27.3442938707477
ROI_05_4.png,3270.6602433697312,41.179911146123416,3283.9135398284457,26.71915677493718,3242.048754151991,23.386640902991438,3150.08556054855,23.790730169917875
ROI_05_5.png,3112.6464627627297,58.02550471673455,3136.107827566483,42.58747169659616,3116.9252157157493,37.13328872456448,3026.672077681349,34.68100442436415
ROI_05_6.png,3171.55441842217,49.18281397735882,3206.854767002801,34.52898664375235,3180.8587504625953,28.84383119607567,3091.1549408132078,27.629828246649375
ROI_05_7.png,3272.268841987172,41.36012674761815,3284.077849640645,26.616422136862216,3255.8759729443564,20.496284661182678,3156.439506246995,20.340059287427422
ROI_05_8.png,3203.268642459109,42.76269517907732,3221.767557436234,28.51686201353573,3182.6923706883977,27.03481177631941,3099.831842499547,27.35708220622563
ROI_05_9.png,3174.721060396502,52.53877382661598,3201.8136235771694,34.00100241611304,3185.268444460709,25.172792873986285,3102.140163672285,25.95647756303846
ROI_06_0.png,3073.5838644086643,57.56381244818454,3121.141373887272,41.11377069979389,3085.580053133185,37.21565048488162,3015.3597942341535,37.66756124388459
ROI_06_1.png,3191.989188135979,50.84795658150047,3224.258388264785,35.34425622007642,3193.9592584258776,28.470485818204097,3109.8531110061376,28.010918171185157
ROI_06_2.png,3208.5038432240285,45.25796603388727,3224.4244135001577,32.7573491212818,3197.1359121190167,28.175908485344593,3111.0400740641376,25.72527878775776
ROI_06_3.png,3234.369542813482,44.75300687668199,3260.3778568404173,28.903543620532027,3222.9121391081408,25.18899147159538,3135.848683138962,24.86443163329283
ROI_06_4.png,3259.9666391796427,37.34893157595294,3269.4841665748568,25.540817877904452,3244.642270709381,22.562153695757694,3149.455339986821,22.31168666954295
ROI_06_5.png,3137.1440590216866,52.09123678902823,3170.242404088546,35.29019880232197,3151.207109746091,30.00399640357311,3064.0359629436707,30.997495501741653
ROI_06_6.png,3189.48899252975,46.409604543122626,3225.2814659747582,32.504268483546134,3195.1456910181682,29.688875127839285,3107.123753666442,29.19622873830441
ROI_06_7.png,3221.8782565461192,39.549517565012785,3238.650651765277,29.4049933450889,3203.5952218829407,25.002712567508688,3117.9344157360474,27.117363976090665
ROI_06_8.png,3243.8464169428244,39.683932037473774,3267.172419328974,27.332616000311234,3228.142038251152,25.627801764621466,3139.561875398225,23.497931537926757
ROI_06_9.png,3238.1227354287266,42.34522642814453,3268.278718692226,29.769955836954395,3230.530880511841,28.269948574200644,3133.087060283463,26.240096171151166
ROI_07_0.png,3227.8418894206698,48.15718499738149,3252.0637007088685,30.550625803612242,3230.7278702721323,26.61516101447573,3141.7736458547743,23.693552437814617
ROI_07_1.png,3253.2535509000345,42.68133453426789,3277.149539757895,27.010035071515652,3245.9301685618316,23.29009746600543,3155.021413969447,23.255031738624144
ROI_07_2.png,3269.9073681355358,48.03198970497975,3280.454644967477,28.379690313606524,3254.164605075107,22.991720091337385,3161.672850421183,21.142498829225318
ROI_07_3.png,3225.281181463933,43.28153390607788,3253.5642551236165,30.258646485806203,3221.309349191503,27.485789626029046,3127.926033198936,24.17315631212424
ROI_07_4.png,3251.2884207171437,46.98869372137506,3277.4038126315677,27.53453301548792,3244.1860763144277,23.751074463853314,3154.4058586963197,22.20881472142387
ROI_07_5.png,3262.5906350764412,46.29978698320744,3278.434802211022,31.717795178274148,3242.88196523113,23.889164470484488,3152.9621185743285,21.895061719918004
ROI_07_6.png,3230.916891062494,43.98142720986945,3256.996866349841,29.507254195203686,3235.3182336998548,23.23996245623504,3150.831731582385,21.10506540769689
ROI_07_7.png,3259.236961788856,44.72174653429893,3275.8517228929354,28.93851297220668,3243.1804852075984,23.661810750207586,3148.6174192082362,22.03317208634355
ROI_07_8.png,3181.68716654635,49.48914260667207,3218.235380520366,32.72635085807884,3185.6130541332736,28.21793687629622,3099.7800394030683,29.169198476751948
ROI_07_9.png,3237.289932776414,50.3922748494494,3262.1682045753437,34.13730710894663,3233.5355045691645,24.307149607114752,3138.623586700249,22.85750275824526
ROI_08_0.png,3305.8189467611082,32.20481739561119,3321.8080694317614,20.787582636109185,3288.972284271189,16.477792825054767,3190.972691701501,16.709735480911313
ROI_08_1.png,3281.611141296527,36.36365895551536,3295.1786488826965,24.416322326980364,3252.828659500956,18.23773758051731,3162.168747858678,19.746901419684235
ROI_08_2.png,3280.676510477139,35.84020964479116,3291.411588254512,23.865508153401525,3258.69853751381,19.79242861173335,3154.075881437315,19.837695532195937
ROI_08_3.png,3306.3140797418005,33.648937589916535,3318.965891302642,20.596932910015642,3279.1693192478406,16.764034605526614,3185.9831592966234,15.075543778037444
ROI_08_4.png,3320.037252466297,35.215834434197205,3330.753216173509,20.45140651787809,3290.370481569746,16.29613683178708,3188.572434472713,16.82143366305906
ROI_08_5.png,3312.1977658752153,32.50345007024639,3320.920875407951,17.920000309927453,3282.52127427721,15.063513325868755,3180.381809760468,15.717908474151178
ROI_08_6.png,3299.512757911302,34.67686042462551,3305.5563781890746,20.360260240955647,3276.1934849963545,18.944413754282046,3174.8069382649273,17.21552703761092
ROI_08_7.png,3288.030989099008,37.56269532541991,3303.696801882529,25.23496866665968,3270.2779442661254,19.877900599620972,3163.5563531978796,18.51812245964677
ROI_08_8.png,3287.5032320862374,38.26835720220994,3294.7288713864173,20.590889457182097,3261.2459635569503,19.433225134391492,3164.2949536427145,19.956171172954832
ROI_08_9.png,3313.2549545214674,41.79712454286411,3328.031084089252,27.45731197271421,3288.789149370683,19.888135124897147,3189.823262942691,17.631295997812103
ROI_09_0.png,3188.8097698634842,51.47218711580891,3214.5065934134477,34.83003886485447,3185.417419041704,30.902349854084477,3113.9172311281986,26.521412918226304
ROI_09_1.png,3127.657525117941,57.96819960125296,3164.2379503911543,39.23502203049056,3138.160133202102,33.17157205400698,3056.3656474939285,33.97525693722882
ROI_09_2.png,3164.5741666178606,48.05903144913299,3205.439728658034,33.177042805882124,3173.4995193391837,28.870280150501607,3103.7647940612865,29.71390560963912
ROI_09_3.png,3183.537703609228,50.5232707294127,3206.261536085574,31.748698753444813,3182.265283626476,26.91119080694957,3095.561506878889,27.153638536382154
ROI_09_4.png,3139.1957619542823,53.575761660098685,3168.328529021038,35.20644594722256,3133.9233233476857,31.684906023713154,3050.1907696008107,33.737794444016856
ROI_09_5.png,3190.2552927791585,49.933084640967834,3212.7068425660405,31.814397237868043,3182.6475499313333,28.282122165496794,3100.0091637010396,28.489379603170498
ROI_09_6.png,3036.8260845924347,64.9535102966673,3101.6794496223033,43.23573816291667,3071.512823002042,37.83092213546327,3018.2677719427165,36.31073578646376
ROI_09_7.png,3078.3927250096294,55.11223931757171,3119.4542567896005,37.28165140543809,3092.313791937164,34.086515757577345,3004.835699486929,34.407764351107204
ROI_09_8.png,3140.470671871432,53.55758894082213,3174.116820380034,35.526717937693185,3152.786489775327,31.044887547801864,3072.1858915603593,30.018122033621353
ROI_09_9.png,3105.9154223693718,56.31120639033135,3151.4986318306283,40.55478927703908,3130.0649664349585,33.4787587274118,3046.000837022217,33.978439239491564
ROI_10_0.png,3247.67610707447,43.80957380193639,3270.1987047773428,29.14782473947278,3237.5264539088694,22.517338624069595,3142.6968917489303,23.04782856370442
ROI_10_1.png,3246.1891674113986,43.321531958248386,3260.7756079730766,31.66944595148211,3226.6012350296014,24.87816520216259,3133.0544255033706,24.82714183220383
ROI_10_2.png,3281.2983185781313,35.27440411772934,3283.8987732197234,25.491691778031743,3254.4022784566755,22.1982237319464,3156.378799082322,23.41039363202725
ROI_10_3.png,3211.1192727369853,43.33214124917821,3229.6015109005393,29.825933735799673,3191.3280548284138,27.019694741770063,3101.7481286064226,28.710173990912267
ROI_10_4.png,3196.915675275782,45.538291272823635,3222.2706670245293,29.590243185580015,3204.117269521562,24.26373634650306,3120.509393892658,25.37892540288143
ROI_10_5.png,3273.480903413847,40.96979682399012,3285.4091203652697,26.244528892399817,3247.581756240814,23.0454277165547,3153.068753911057,22.182060708163803
ROI_10_6.png,3234.5035896288746,45.72099883678983,3258.7225799717016,29.77296497053999,3226.18188257293,24.876807519335173,3138.2103806618147,23.237787725299235
ROI_10_7.png,3248.393330532231,43.82143191222573,3272.2212139477742,28.94283011057624,3245.038676235728,23.4660249377733,3157.5158731493925,21.67180874000018
ROI_10_8.png,3294.7091980475006,37.259060881202245,3303.9668002522662,26.78931454729686,3260.7227157040097,24.266848339115526,3171.627688052352,21.973687233079072
ROI_10_9.png,3300.5861078278417,35.044873486947935,3301.701773836285,23.87343328282647,3264.464072540479,21.926133815293795,3170.1904901692383,21.246534797152727
ROI_11_0.png,3284.2308752929457,37.38344067879351,3297.7106090526536,23.238048967176645,3259.4096628275706,20.88639706454666,3169.280188417471,20.86281145893234
ROI_11_1.png,3270.4788558335495,41.85461926220142,3284.544831021327,26.022934201377193,3254.4149763847945,23.118771220731734,3161.4194574745657,22.18677452591874
ROI_11_2.png,3306.858719596768,38.11957946843946,3315.3052201600653,25.984434250819625,3278.176606927267,18.35847064652628,3183.727236171192,18.32453001867334
ROI_11_3.png,3269.2565471362336,35.888495798003774,3290.909668892509,25.010917453916107,3265.3067773139073,22.285658440077533,3161.6136367543513,21.103870699359668
ROI_11_4.png,3113.0129136794935,57.73213709943259,3158.129401096925,40.9353231244008,3140.814101306101,32.28117133778386,3057.789919070668,33.06536844727126
ROI_11_5.png,3221.7429352845065,46.235967541861704,3244.187540388322,32.04102987687876,3216.498419772807,26.02322308184421,3120.4287138729187,27.497159477712046
ROI_11_6.png,3201.966678542817,46.55656609938053,3236.968733850921,32.719239987549024,3212.2612061151544,25.694461217683806,3126.439776883999,24.296504875252577
ROI_11_7.png,3246.3904996000238,44.14080007014816,3264.887322994503,28.584341508401767,3227.2439038157327,24.587328226661356,3140.217210900623,23.655489362549762
ROI_11_8.png,3275.3183116673454,38.0670170031848,3281.0951550007694,28.13219061142295,3245.04837888039,23.476780447664925,3155.0989900422815,20.858054071539314
ROI_11_9.png,3211.59223700649,43.795843778894096,3235.6806755179505,32.52410157775948,3211.9516092281883,26.334778942682036,3126.072576027564,24.89830689168719
ROI_12_0.png,3171.4028667466264,53.92403022449218,3197.0434770089737,35.00196036782186,3166.73498633605,30.20897029347845,3087.679201574577,28.346845488191487
ROI_12_1.png,3130.540752198069,52.5876842246054,3173.320763357301,34.16473300963184,3153.476618150379,31.34439083742334,3070.9740139724977,28.3715552498926
ROI_12_2.png,3168.9248942099775,51.45993826339376,3197.2842611944934,32.1774214899311,3173.8136604574966,29.05156735042175,3085.0156687457525,28.353213991012275
ROI_12_3.png,3165.9200438341977,51.89415896369954,3206.8076196253755,36.05585289750874,3168.16688425485,29.702693683969922,3091.54843697927,28.56501851658586
ROI_12_4.png,3226.872063007442,45.3331967900734,3263.897966836484,28.504416907673697,3228.6745069855556,25.594243371526126,3132.1878607217345,24.488937450384007
ROI_12_5.png,3251.717436866078,49.76589626353611,3274.34647559748,33.161526607851144,3239.2005249061153,27.2018715617256,3154.097202155476,23.50726730519122
ROI_12_6.png,3168.042403015493,50.93600309927868,3203.328354936642,33.64070356806983,3170.9246283957978,30.27871199708226,3091.4106750734454,31.802102990613864
ROI_12_7.png,3247.9508260436687,45.00987848023976,3270.1725574707275,28.46856463364502,3229.893332615363,27.271963596863813,3139.8686385599085,24.808772742236165
ROI_12_8.png,3185.1123814788393,51.88536301393869,3227.5705129160783,32.738394794658845,3205.8624640175135,26.940157529029428,3112.1257270934348,27.359997072552446
ROI_12_9.png,3129.3024452986333,53.72265329451571,3171.9693852138744,36.32503553679222,3154.3379906556456,33.11231245213338,3070.287726114229,32.12980569056363
ROI_13_0.png,3253.9959794530223,48.12313239490205,3272.096762240764,28.893007733931405,3243.9488481982285,24.83294340796577,3148.0814707603345,22.939891170398194
ROI_13_1.png,3303.572301498085,36.60820633935258,3316.407177849579,24.197365507578837,3276.033106695244,21.08878329681914,3178.149578072358,19.130609667033173
ROI_13_2.png,3238.217507917385,47.60346341270915,3257.0456118802363,30.614111924409286,3226.8053420900487,25.006223583641447,3133.341385861685,23.89880306093181
ROI_13_3.png,3280.435180542131,41.65315712493047,3290.8432801885183,26.65846166714671,3250.1660793901005,22.510575108360463,3155.9675484250806,22.128260904441674
ROI_13_4.png,3266.290688519239,40.41885564448592,3272.7734029078897,26.057253333667255,3235.2235951265047,23.0067120307439,3140.967788671229,24.1783078239151
ROI_13_5.png,3239.1610942898105,39.87108062912165,3244.0515878385645,28.077897846318486,3215.0923260076784,25.208359430534625,3112.7141929458144,25.87572754433088
ROI_13_6.png,3204.4824883825086,45.89292422189578,3227.6202508928145,32.28232918589638,3194.346557991748,27.32778196279274,3104.5257280739693,26.214569289921865
ROI_13_7.png,3198.4185213099954,45.52940862540568,3214.842443870919,34.4580536749915,3191.414944743874,29.7702182236236,3101.657027295268,27.436560454557927
ROI_13_8.png,3260.723799529402,41.47650710395184,3273.150800501657,28.56949974448643,3241.6009285350674,24.0004999813237,3147.757299556656,23.38141205869607
ROI_13_9.png,3206.8898018567847,43.563131818973645,3237.752104272203,31.385492242086894,3213.6801754162047,27.415590950271685,3120.3132945574807,25.603265649762598
ROI_14_0.png,3278.2901121724626,39.922980321371504,3303.7979387481028,25.889441906711337,3264.809698814108,22.063724950027577,3166.9491732196952,21.949514236076197
ROI_14_1.png,3321.544763815539,36.82130236168091,3338.0995175949524,20.900166813703898,3293.651933953895,18.585380552386514,3186.665015741869,17.073570130401286
ROI_14_2.png,3282.648616511535,41.90469985985807,3304.854788186523,26.60986915004849,3265.4865113968526,21.945366076986932,3165.788059755534,19.22235153142445
ROI_14_3.png,3311.9597377358746,35.038283028291886,3324.9682149664864,19.851387812028264,3282.225268920711,18.139704471949315,3185.0475670779015,15.88041110511542
ROI_14_4.png,3297.3007926823616,38.29710254020257,3305.493550860805,25.7043012314462,3274.812853204496,21.449112203778814,3176.508049021518,19.71987185510337
ROI_14_5.png,3305.691562415031,36.930891708860706,3321.5642524101513,24.01604310496463,3284.70774707557,18.811483762399362,3182.7445239503627,18.013171758160418
ROI_14_6.png,3262.8643700327466,40.51321560752446,3290.6978500392415,26.56789497374421,3260.712104195979,23.477089369053818,3160.184348486106,21.346026272214253
ROI_14_7.png,3270.0168998261474,41.7878661868381,3281.997816257527,26.511527077264148,3251.569207521138,22.01967684842137,3154.0989913502017,20.33659793664968
ROI_14_8.png,3242.3193705341987,43.33391732490329,3269.600470373185,27.640234751937545,3237.400259303383,23.58568514102655,3143.694632914662,23.601327385474228
ROI_14_9.png,3241.777440973092,43.63918384384632,3265.0200553389955,31.125825515655936,3235.5137398980837,25.66403502766986,3138.68215412533,23.08927950440222
ROI_15_0.png,3288.0532168996024,30.692260496724778,3306.5893439840233,17.64318429710905,3267.9316151763114,14.881336651243538,3172.627545940528,14.652687739785552
ROI_15_1.png,3329.6245006327417,30.509718157007114,3333.3443132644366,16.512166979766967,3295.163139467571,11.983648458813814,3190.1224290236632,13.012030604305755
ROI_15_2.png,3290.129490305564,26.866708386079907,3306.590203575346,17.838069510354494,3270.006880860354,13.54772055777827,3171.3755872044967,11.406443812326032
ROI_15_3.png,3330.529904987401,25.71445946345227,3340.139283342569,15.570264286988518,3304.6813939328204,13.27822085964264,3204.1176375821597,10.519273651968678
ROI_15_4.png,3299.6745372614264,29.334819240463407,3315.002335231263,18.677602171663324,3284.9498834850538,13.110547636735319,3182.7752951357447,10.859748056047618
ROI_15_5.png,3268.9681056949885,35.47078019805992,3288.4034558136627,23.35120678808102,3251.3537155237277,19.624070586156904,3157.9726766818253,18.52849091566638
ROI_15_6.png,3245.5750230441113,37.81888207151597,3273.8986646263024,24.31273947781324,3250.031655045039,15.641933212848897,3162.232908843101,11.171151930792291
ROI_15_7.png,3300.785576078142,21.24482178799593,3313.5336853324848,14.621061282835775,3272.612943461907,13.662030520941858,3172.6841250629823,12.483543207454595
ROI_15_8.png,3293.0182803928833,24.994394455816447,3300.874380837514,14.748913708573177,3263.988804930805,13.17154277376647,3167.751252749089,13.002971466374568
ROI_15_9.png,3277.505113427714,21.06735918610991,3291.208375710078,15.62912644208593,3256.074503771898,13.263198742341746,3164.820437958812,13.73605786113777
ROI_16_0.png,3290.0285167470647,43.32144216995357,3311.419975266487,24.32928360060589,3274.9231112549446,20.239255230582,3179.1503829589633,19.323255412280492
ROI_16_1.png,3236.124467280946,52.8885928120729,3264.0644745620802,31.296613459540993,3236.3289384770374,24.79886767649666,3136.444545641228,24.324649214958058
ROI_16_2.png,3243.7636067665576,43.266396960170965,3272.4049376933713,27.980842266556337,3241.239017705603,23.64755572895917,3137.188328383367,22.94136654303974
ROI_16_3.png,3275.0722607772136,39.12909594639937,3298.252104606112,26.01292026873522,3264.7993701125793,22.875583732299003,3162.572455615057,20.634854192411876
ROI_16_4.png,3312.365374673424,34.98445807953924,3309.865480043038,22.77330705968493,3273.0919382828656,19.04094756925349,3177.6114357725655,18.927024524795087
ROI_16_5.png,3285.072945813788,38.07053033611881,3293.4051913475964,23.676295176704826,3259.758424734665,21.106587760812815,3164.5370308782526,19.048897509528246
ROI_16_6.png,3318.6893124688936,34.17824915375026,3320.409542223616,22.164767534666886,3281.858153682748,19.69895383986841,3176.076234512355,17.9226812775597
ROI_16_7.png,3294.484676681474,39.03860363748936,3302.66344735611,24.037700669007513,3266.0596039981237,21.280483504616633,3168.784377604084,20.206030952968128
ROI_16_8.png,3201.0103253308353,50.3527030521591,3216.2379416313483,35.60899306513209,3190.1533276056234,30.07556746266776,3107.073027055466,27.1365148517624
ROI_16_9.png,3319.0509302472224,34.34802383778364,3328.261846480111,23.282381740389404,3290.0670602626424,18.93860418079506,3190.780014724106,17.58449567886276
ROI_17_0.png,3312.9382636616615,31.056759230495775,3314.863971537953,21.153618159303164,3275.341565037625,17.843665865935133,3173.088499507086,18.571873776076615
ROI_17_1.png,3309.3826034784115,27.738222152883562,3314.7989827680235,19.438418718675486,3276.677537487848,18.214297456717706,3174.5345804076283,16.726114504250077
ROI_17_2.png,3309.9453644832533,29.114056528468232,3314.5453608114753,20.867906793466204,3276.8107903770765,17.601204470693123,3171.2838369865526,17.297612632619085
ROI_17_3.png,3328.519253735649,29.722501574079445,3319.177917655458,22.28732459237859,3272.753163069322,20.16967283402778,3176.0079238161748,19.917724341726476
ROI_17_4.png,3311.5831363619363,31.148558666558145,3315.1784048234617,22.579501449503123,3273.1797080435945,20.376898806249073,3177.2080496861513,18.149971078356756
ROI_17_5.png,3300.6736002468583,28.694459600381094,3299.7498167525655,20.222741915042516,3256.9260142170656,18.665038378935908,3161.2989344453476,18.518075992107256
ROI_17_6.png,3259.5529755235452,30.969725909774922,3266.387519048513,23.989695405310098,3220.8805151553934,23.49438388147611,3121.6866434193053,23.000366160589223
ROI_17_7.png,3276.4270788060226,31.982088332527287,3273.8147243291114,23.043372230489865,3238.3413572541303,21.150432495748724,3149.116150942068,21.332195399751036
ROI_17_8.png,3307.754154124852,29.532217585758943,3310.553245246275,19.702663070608786,3276.1169622482143,18.342204728860114,3174.67747139718,17.866603357777187
ROI_17_9.png,3285.7706827301463,30.67874308116912,3287.6911476673586,23.18583445488092,3250.68172144375,20.434670918146967,3155.89351494582,20.216095678763374
ROI_18_0.png,3287.959067930227,31.144131204773362,3289.5798741106864,19.180680664406907,3242.3896333017547,20.16574309532934,3150.462918658455,18.399360147407094
ROI_18_1.png,3296.637475285355,31.095432638619513,3303.035311566977,18.51740963308137,3264.962014108806,16.25443808006016,3163.9562805188475,16.109733432503457
ROI_18_2.png,3295.2810953927324,29.52071318593347,3297.407033558951,18.85507468501606,3260.6931962580134,17.264719287132248,3157.2493150793593,16.14025260107952
ROI_18_3.png,3311.9927508697156,28.623146410712472,3309.282599333621,18.191493228812806,3266.874981652784,17.341969929578053,3164.599832816212,17.103467669898272
ROI_18_4.png,3280.095488074389,33.27615285249851,3297.951937794626,20.6856872347105,3261.3616379932923,19.54844542383047,3162.834925565245,17.94602917641693
ROI_18_5.png,3295.2380265325382,24.00852233929903,3306.7477347068216,17.544286252216487,3273.5411056894764,17.094716503886318,3171.9002126786786,15.122209444175212
ROI_18_6.png,3297.884147057435,29.36035486433854,3297.2860203072787,21.67008985030678,3264.1775921561557,17.624403901747428,3162.8180062411866,17.013923741071313
ROI_18_7.png,3294.954723664253,27.34589617690942,3304.848886930456,19.97344527871222,3261.7100684389666,18.306059708508414,3161.2168658449473,18.46455612604374
ROI_18_8.png,3302.4298227986774,25.676541606703523,3312.696939761238,18.544113855664367,3269.23824594856,17.49465083157937,3174.818378791075,16.46904665960095
ROI_18_9.png,3306.7814549321597,24.40196510380791,3300.4254088684356,19.656137188519107,3265.4586306964475,17.81308809494169,3166.4639023395575,17.184484469496436
ROI_19_0.png,3292.5357823413538,26.40537965693356,3302.9877935707414,16.670269907341808,3259.3968134398,12.439306162541723,3165.9324957646113,11.675583147352985
ROI_19_1.png,3292.3030368243153,23.60687342111227,3303.078336488855,14.516067700751133,3269.765670787523,10.809262219487172,3172.267424258053,10.292707005658125
ROI_19_2.png,3284.714218308119,22.072950504458348,3301.741406526585,14.64949572784055,3271.0865789236423,9.702482080959221,3173.577665606533,10.851208779317181
ROI_19_3.png,3320.628766356831,18.59503309935299,3331.9713537643265,13.985423319433869,3288.858131493911,10.496099651359923,3191.5867584948346,10.179773282056553
ROI_19_4.png,3286.1022984059923,21.904001910126922,3303.0204921292,14.383409489404746,3270.2408059582394,12.36600841233766,3169.034781412868,12.598263956008996
ROI_19_5.png,3303.460257508627,23.483794903677207,3311.5406558260083,15.261726590247406,3273.096782483571,12.982510427085618,3173.0951071675095,11.66045345433058
ROI_19_6.png,3275.2937193717485,25.428522429970712,3284.2372863597743,16.298030468580503,3244.4767964484745,13.520952034378208,3144.1922373697794,14.44709980139633
ROI_19_7.png,3283.266158657601,23.53642136066995,3302.5947604663256,16.09157557908963,3263.62655881655,12.883404519378686,3171.760270902814,13.330115427564465
ROI_19_8.png,3282.4954776403824,23.218705574156488,3286.1573937992584,15.05232811695998,3255.6966745310074,13.612154928736738,3155.8882871625037,13.670558668461357
ROI_19_9.png,3288.8616246031947,24.521691923701443,3293.26378429767,16.352885464015344,3262.996607926505,12.422970758810132,3169.7238465331393,12.875140783433409
ROI_20_0.png,3312.0006842002613,26.338115137494867,3309.816730953348,17.298121449689685,3265.41838816364,14.860759255870251,3171.8262180722368,15.141594532936866
ROI_20_1.png,3307.442579708279,29.150316637968942,3314.11543057379,19.384188316603513,3277.014280928057,18.066667499790846,3176.044638904991,16.884142983963123
ROI_20_2.png,3278.3609284251534,29.63103300843283,3290.7276939114777,21.05965969943231,3254.77691041584,17.043109297146284,3157.4521455235536,18.083400346380277
ROI_20_3.png,3309.106581492964,25.63453010948936,3323.6476194876304,17.08050799802981,3283.6391039119753,14.19551330985005,3181.15261844877,14.278348578707298
ROI_20_4.png,3309.1849886331865,25.395894456042313,3313.832838114214,16.401180430264436,3274.731339240933,14.89077872147723,3175.829716805348,14.239156703607343
ROI_20_5.png,3302.1415934201027,23.176735825941797,3317.6570227577363,17.854779954255147,3279.187309666668,14.296836983764791,3182.9864202132626,14.640908169512038
ROI_20_6.png,3315.779315299002,25.275988393458782,3319.3949376771857,17.241109660456807,3278.4334750775556,15.547217332751185,3184.472714569253,15.458883824140365
ROI_20_7.png,3295.9503956286826,27.44146256289551,3306.42097540249,19.01945578636811,3260.8782237948094,16.652310700862916,3163.9658887302417,17.32014048139934
ROI_20_8.png,3286.0340529797195,27.499799858564106,3300.6443116036844,18.971300741774456,3266.001736647367,16.886499609033383,3169.187883875775,16.00533957914614
ROI_20_9.png,3288.5609829908785,28.23200193272837,3299.033155573618,18.6042468784891,3266.0097883705503,14.928128728556498,3170.3583417120476,14.310357022022625
ROI_21_0.png,3291.967093589133,25.104980048043316,3303.033316067517,16.703525467585344,3264.127487686578,16.901536667907195,3162.9542744950236,16.714775237510644
ROI_21_1.png,3280.7004819326426,23.858392310166607,3279.8618821355612,17.948351017776936,3247.1020964446593,16.825791362734236,3148.071951826532,17.177942521763008
ROI_21_2.png,3265.822915477242,26.655894290586698,3275.153961550678,17.11925291322011,3236.762907883445,17.14592127714688,3147.1496026378786,16.613823189617783
ROI_21_3.png,3290.6468467906716,29.849641570925538,3293.1586723571972,19.610176713618074,3259.720477430705,17.726451836933485,3161.1695615383387,16.659206590759425
ROI_21_4.png,3294.9063765582923,28.168232245733407,3289.2271452495434,21.314144835262134,3253.166572998721,15.469186228836918,3158.451342390868,16.891883806747906
ROI_21_5.png,3270.3355574575194,25.37338329825956,3271.117024251787,19.120277656977244,3233.615161933609,19.655404353697598,3141.7959199761976,16.828154313632375
ROI_21_6.png,3259.889275095403,29.168782231107983,3267.4851098239697,19.357847645288253,3232.5348044279053,18.841884017139314,3143.122217070657,16.833033479811448
ROI_21_7.png,3272.8642022388053,27.284632734719686,3276.0694827405737,19.77508895530373,3238.813698652825,18.758621558998875,3143.5930697796234,17.22267252290468
ROI_21_8.png,3282.4975932143416,26.134356134490545,3278.9610876848715,17.7468592269437,3242.370070321734,17.12807919972475,3145.6298226768854,16.883565517387684
ROI_21_9.png,3278.828572671308,25.48529109114702,3271.9855515465615,17.752504523584363,3231.946106307551,17.132501267016316,3141.589795890754,17.705546238712625
ROI_22_0.png,3307.4253869201066,26.569609215743085,3310.2887981798012,16.814507868632994,3275.9149305643373,12.543667171159973,3176.68136891649,12.962243049179552
ROI_22_1.png,3290.275270865974,28.669955270481722,3315.292203324866,17.969329059437015,3276.335057928615,13.673837377976284,3174.254578533272,12.634657260108352
ROI_22_2.png,3294.50078554929,26.503249008239592,3311.380340063043,16.651422575559764,3263.8052667490547,13.004001974203561,3169.025905277672,12.76190793186302
ROI_22_3.png,3243.156673766518,33.38158996715357,3261.490017561364,20.581220231609315,3241.425805685714,17.68100647509179,3150.50091146586,16.430259694077996
ROI_22_4.png,3260.553893665004,29.93644953576003,3272.7630810750015,18.205939696705602,3242.2164777560274,15.612755907292641,3150.6049476704525,15.558892107724137
ROI_22_5.png,3290.4974225261703,29.95346869256825,3305.163115407159,18.226979533947322,3266.4364060927373,16.001353823441985,3168.1933365245277,14.147208661353725
ROI_22_6.png,3264.1518337152966,28.596673627858486,3283.4452039990356,20.255310809313283,3249.527858360815,17.031799427831768,3153.68161644513,16.371687241460283
ROI_22_7.png,3228.447295728007,32.01822764769336,3248.1737692060583,21.10944776668419,3218.639174187353,19.7399125734537,3126.597687733535,18.9940613122471
ROI_22_8.png,3270.5920498713194,28.463960141653757,3286.4617502442734,19.215243798214708,3258.5050899099974,15.67496317631652,3160.6312431085476,15.241720474179246
ROI_22_9.png,3278.060552301688,31.559784670918493,3296.1758465155403,19.13066833335775,3273.0894175172944,14.101988414013746,3167.1022497121935,14.283392868717566
ROI_23_0.png,3301.4808731560556,20.197248895860582,3316.8562293856558,13.21974456513004,3275.9960766116387,11.587685479453434,3180.866931159276,11.626627925909801
ROI_23_1.png,3274.599125676385,23.280206180482573,3295.7571747986676,14.437469746154251,3260.549260251877,13.136328607336123,3161.017422257643,13.031246292609394
ROI_23_2.png,3286.9601482977964,22.87476257218995,3307.199003670294,15.919830059357267,3267.444180566535,12.954535798931097,3165.896390757009,11.588774262107037
ROI_23_3.png,3312.794309695708,24.996319296645797,3324.849402255058,15.364508284993072,3280.296168702602,10.948534449869765,3178.919174235162,10.499915335068856
ROI_23_4.png,3289.186621558697,23.729472832235146,3298.6594051095185,14.342833990169197,3268.728200236367,12.783293329499333,3173.7207610916507,11.610555271851759
ROI_23_5.png,3237.9205147075254,27.82564875132551,3269.906262192668,17.218161876142695,3233.7720615963003,14.053589638544398,3140.5443741430345,14.18735767311777
ROI_23_6.png,3250.3648523861,28.168369204831222,3271.8853099878233,15.977445860878728,3241.8316912728874,14.74357487895707,3152.5511675616667,13.076988521513435
ROI_23_7.png,3285.1841781006856,23.263255386937644,3297.0099304889777,15.90223712502851,3255.0617320559622,14.455466011651605,3161.9095137739423,12.363366733997509
ROI_23_8.png,3265.326153091426,25.17646113661646,3284.1239524804278,14.446092645153097,3252.0223947439013,13.746772929764369,3160.259127877703,13.200546759555063
ROI_23_9.png,3178.363667093492,34.25440339822946,3213.3760060058053,19.931468755775803,3191.1327456361764,16.121455946226114,3095.9911546424364,17.443878474751283
ROI_24_0.png,3305.1765492225286,36.50544541458787,3316.0356974240926,23.515608196320372,3275.9600604496104,19.51355207131647,3174.4050894337906,17.85778633365276
ROI_24_1.png,3279.7986772927215,34.09614125793439,3284.3146674482864,24.30785363009735,3252.929949387057,20.989655992914564,3159.2856141279276,20.019858540869805
ROI_24_2.png,3305.597890423569,34.782414876165205,3315.9486226468857,20.50868887202063,3274.2666732238918,17.874383998363136,3175.924400528598,18.022496787054067
ROI_24_3.png,3320.301401152385,29.944379889908276,3321.58591738797,19.08803031139946,3279.8837584323883,17.92959676065705,3182.567350973941,17.023229871341435
ROI_24_4.png,3322.9002832702254,32.64740005214255,3329.5445969365855,21.4106515828422,3288.5488401124157,17.145332194460362,3189.569745797966,16.421177453633213
ROI_24_5.png,3323.712189429896,30.84877742909461,3332.0264140996956,21.840430002125355,3288.587446272549,18.216502443275406,3187.5435933686595,16.74893244913325
ROI_24_6.png,3302.7642071541754,33.05687369995854,3318.129618380658,21.3211037501874,3279.7495196087348,15.486188077805398,3180.0807439365544,16.33881727172829
ROI_24_7.png,3320.0837579132512,30.54455579616711,3327.9212208578338,19.29068096249119,3290.0187000956253,16.05930319787828,3192.6329160147097,16.762726040691565
ROI_24_8.png,3290.7319579587233,35.738583473466676,3302.8214532812167,23.02542672935381,3274.119081161001,15.867054737785626,3172.2172097062257,19.019985835435673
ROI_24_9.png,3299.173340822792,36.676596643375966,3315.284575358946,22.341370434042837,3282.669168327368,17.52952149037924,3178.091366314919,17.063545800855106
ROI_25_0.png,3263.2025410659357,30.83260243967985,3292.859349989058,18.58690777058687,3259.831311151097,13.247993663207167,3162.868403413895,13.939398356070718
ROI_25_1.png,3260.2276858181567,28.16746609149257,3276.7978193958256,17.93399231217157,3237.4264430084977,15.64179433725152,3143.7132202486346,15.109455917378352
ROI_25_2.png,3230.2155239036324,33.11940822000304,3265.44057804332,18.18848001691422,3235.3305347879204,15.047095382340414,3138.2280364508774,16.38257545780199
ROI_25_3.png,3260.1091331445987,32.131834661757914,3277.517062111808,18.290182267166216,3245.8562448451694,14.648541898143083,3150.0471639032257,14.527563295069935
ROI_25_4.png,3266.945317839742,25.006059629963076,3282.2434918095005,17.425460116115634,3246.6598820008458,13.990177929639898,3149.6301346474916,14.154300240820035
ROI_25_5.png,2934.742472387346,58.97705107947792,3000.475998716684,35.74448660638359,2997.8154272436427,26.248843261693523,2921.074107737297,27.100861885309193
ROI_25_6.png,3295.39031396896,25.550953755639448,3300.6227931953363,17.35090906157569,3262.7949294466835,13.99416874167763,3170.0768426610416,13.401354290817846
ROI_25_7.png,3280.07720865567,26.739880523756167,3288.77349681692,16.15488098735123,3251.970121228594,14.287638624644254,3161.672815365141,13.777729338678357
ROI_25_8.png,3044.8210224337204,46.38570955041715,3107.7794054426636,28.629379025095048,3086.178331487847,23.882260331338536,3002.035178280128,21.520276273171312
ROI_25_9.png,3014.7722986497215,52.52250549913276,3072.940169366146,31.96371857053472,3054.3721488576984,25.683831064860378,2969.0766355510277,23.85764405506257
ROI_26_0.png,3293.5361445508775,36.303850662623006,3306.260931571075,27.613898585301158,3266.451431842598,22.054583844036664,3171.1695470470454,21.95422294096607
ROI_26_1.png,3317.3176779782407,36.728712819265226,3326.31112068315,23.6899879061601,3285.4200055763727,21.069160131390774,3182.3160701152524,19.894194704723308
ROI_26_2.png,3307.9869759991057,33.51015901520699,3309.006879889401,22.758698112624728,3270.9696852290763,19.567672749071967,3172.4108349192784,18.56274338197342
ROI_26_3.png,3307.6815374464977,34.40875338702649,3315.9507508209813,24.973332662018546,3276.8380720962996,22.299567867889525,3172.233352566345,20.250486705636522
ROI_26_4.png,3313.4104920106024,30.563863850793524,3319.2727475272495,20.499084117426104,3281.608546579689,18.42597805481269,3177.859213284763,17.789307466458204
ROI_26_5.png,3305.982105236185,34.36856218875303,3302.356884508921,22.362199047982877,3262.889167796291,20.796220846584053,3164.3466441173855,19.57564255082918
ROI_26_6.png,3316.964516497943,30.048186094970536,3319.705393854355,20.82123498267378,3280.104530822786,18.760446854756466,3178.5504188614295,17.83126688734437
ROI_26_7.png,3285.535220230651,35.502920404993034,3290.3513465764854,27.260503351302376,3250.3317798529283,24.515542263267903,3155.377374347143,22.700597801836217
ROI_26_8.png,3299.5069153123404,32.139338253244645,3304.8674215616575,20.339903500864448,3267.745920461934,19.150647215942442,3166.8136754607576,19.386673807494873
ROI_26_9.png,3279.448839611825,36.56970456555391,3282.4757366455806,27.43289943805785,3253.243505327787,21.145761027577223,3147.5484436027295,21.43950073258143
ROI_27_0.png,3255.9109718017976,36.63513364683145,3260.911957955165,24.924210537745058,3224.1706560206485,21.524867643820066,3131.7169022691432,21.05955719450956
ROI_27_1.png,3258.12785842797,31.426226839087974,3272.3921797034563,20.12117088846281,3236.218919201932,18.214790929833775,3145.400827439129,17.824968746904407
ROI_27_2.png,3302.633585982551,30.87900258166677,3304.2330258725005,19.83065630092223,3262.03862280848,17.547423253202282,3174.4986475522264,15.865388907854397
ROI_27_3.png,3259.372085037467,33.08635462838876,3265.871366629576,21.239829284082532,3236.358369503084,17.516405553991472,3141.472880190431,17.64074300007428
ROI_27_4.png,3295.598747912019,28.320655275317527,3294.7326636394055,18.216410984739433,3267.200663592601,15.232754326362745,3169.9094408228793,15.866649292684187
ROI_27_5.png,3309.567665667305,24.205683905843003,3310.8826452499975,14.883673316747053,3272.4813411215127,14.304970095052967,3169.2075535627396,14.209287147503282
ROI_27_6.png,3298.9815771933654,24.62632772253327,3303.0194124190125,16.201091214153323,3265.8240386123816,13.952392470185579,3168.252366201218,13.663607027184236
ROI_27_7.png,3285.3311825915453,25.395184666123548,3291.423563604168,16.06664809484792,3257.9087463733267,15.185105220394954,3166.270065215781,13.750798109013688
ROI_27_8.png,3312.6810071957048,24.54938065104837,3317.556974730779,14.867671424070755,3281.190513314297,12.831727772042154,3180.03128712862,13.657068415215765
ROI_27_9.png,3280.2917810347553,25.11219758408104,3283.1580739287633,17.16354444554971,3256.0834936693395,14.39570336296243,3156.919164382111,14.494084410982394
ROI_28_0.png,3306.1734799274623,32.36876932561701,3312.4519059360287,22.096994330626195,3278.3573388588356,17.440161227138113,3181.552903965663,17.779980504382777
ROI_28_1.png,3311.7539016471837,35.41015978033039,3320.5880057337404,24.87930317871171,3280.399803351795,18.93962750597027,3182.3203004578836,16.352582724212205
ROI_28_2.png,3308.6603747545846,36.28456188580998,3318.9318945545683,23.845033849602167,3280.980769193205,17.719592999220012,3185.6749107433448,17.95395503673584
ROI_28_3.png,3290.2819764784686,33.805282835945206,3293.452153641979,23.85654355667492,3255.632340940202,20.359978447946837,3159.817339193801,20.162417669412974
ROI_28_4.png,3313.272632170079,37.493154289535596,3324.1267411966946,23.787105294569976,3291.6311226969574,20.48266044504986,3190.957093339726,17.845338210760403
ROI_28_5.png,3330.9982044223493,34.113977013717225,3339.1132056512056,21.487969824878327,3295.170535652113,15.93403176272393,3191.181260540318,18.017802261860812
ROI_28_6.png,3297.225699839045,35.525639033087884,3318.9283202594825,24.9957516573075,3280.717762603549,20.85698612473843,3176.7549790035455,19.643743051504863
ROI_28_7.png,3327.919758523929,31.984611859832476,3332.198809633033,21.096603904377986,3289.6998190394324,18.114790883336163,3189.1348540089207,17.09204199700106
ROI_28_8.png,3312.3849378249456,35.317892839593455,3319.573740773502,23.644709467066587,3283.4965605791863,19.083788646017485,3186.873185834248,18.395172500036303
ROI_28_9.png,3311.519185092335,32.25961861053664,3308.1029038578286,22.061505610284932,3272.387850174246,18.62662267992976,3175.639419682737,18.864522875247324
ROI_29_0.png,3314.9002495454743,26.150419701847312,3314.1377298471834,15.811215883139758,3276.2278882876917,15.209530360526108,3176.449933739579,16.17397011408715
ROI_29_1.png,3330.9153596138713,23.714027526589852,3332.400631983769,14.229153988505109,3292.133522426379,12.790435786403295,3188.2903196616044,13.637374879508112
ROI_29_2.png,3301.6380300009896,22.666135499765993,3302.2685730900394,14.81304510959539,3261.712330914659,14.96775847840831,3165.020185470356,14.674606704707614
ROI_29_3.png,3300.7607871932046,27.455435260154232,3306.7190012991246,21.732952537043268,3264.7528859100607,17.391431228687804,3166.7568302926215,16.927846908013947
ROI_29_4.png,3299.6509667419537,26.3932368316113,3301.3208290548073,17.548147688707942,3261.1096021912113,15.63716340705167,3164.897144078982,15.85074493247583
ROI_29_5.png,3312.059404092141,23.571862370072438,3321.4150096344038,17.90526054777364,3278.743298250318,15.490640069922165,3181.051659052609,13.47353617080163
ROI_29_6.png,3312.722470175009,23.911454353068383,3310.794964579953,17.149153755485276,3268.127207692408,15.22840479147029,3169.8933707645224,15.686140667562782
ROI_29_7.png,3299.85038984336,23.100658456155394,3311.298000905066,19.044960420671284,3268.178300603362,16.395416128191503,3171.2319227824305,15.109649052829223
ROI_29_8.png,3299.1578642378745,24.167393521246453,3302.194602262101,18.58557675300966,3266.314035471536,15.979563959277172,3165.0176042254393,15.756412223498849
ROI_29_9.png,3300.6033726789524,23.78493131811064,3308.671403619268,17.118475437752405,3266.7285223097656,15.128531073439788,3168.255206940924,15.721667488813454
ROI_30_0.png,3300.4591110874317,25.723824212717734,3301.951000403178,17.690196995955052,3263.2346605100006,14.664312087855581,3168.919378974223,13.422582363753529
ROI_30_1.png,3268.057325769865,28.487372762987086,3289.159686457426,20.01452878387378,3244.066578063543,15.83372323580047,3153.1413498871525,17.06477833627741
ROI_30_2.png,3246.5210542930367,29.915147325261714,3257.528384086663,19.12402712859842,3223.609954056617,16.6894473540653,3137.8673503199084,17.526290884897968
ROI_30_3.png,3280.284620873791,26.427573985365537,3291.3596211829413,18.0030737959128,3257.2147476630867,15.442679029477361,3158.321371355733,14.014209428451974
ROI_30_4.png,3294.269313288498,22.856751931175637,3295.377584584623,16.332716877641374,3253.9589113459765,15.001311550202207,3158.0384516978065,14.60938708928787
ROI_30_5.png,3264.902115043519,23.578517391234435,3278.8055797891498,18.389789584920088,3240.220452338573,16.556514227211675,3142.411663449884,16.122570496805885
ROI_30_6.png,3266.8782456526415,27.78611377768275,3281.263946291416,17.86001658248042,3243.5331872459537,15.949155748229597,3148.760972554996,15.371217943657012
ROI_30_7.png,3253.3973100543185,29.739582231890616,3270.762948241818,19.488293070434615,3236.8633807652527,15.89224808791878,3142.9198955801216,16.306259728331767
ROI_30_8.png,3304.706944533137,26.698862136964955,3306.939173864753,15.781037387469494,3264.7921527466256,14.959150092351233,3164.871187535867,14.296727575973996
ROI_30_9.png,3285.0770138554794,23.289544991612928,3292.2138766931585,16.6275544206746,3256.9185646269384,14.706952444426397,3162.046755855519,15.626541213250599
ROI_31_0.png,3279.098813082297,26.95774628444347,3287.1055944625923,18.872851065474197,3246.4537992006376,18.221959357297454,3148.858595061027,17.48742915260403
ROI_31_1.png,3276.3037320516987,24.958660410300844,3274.323610334113,19.984822788920674,3243.5375448773007,17.775399281358467,3149.8003503459563,15.952907296197736
ROI_31_2.png,3294.2295619967026,26.711200604459464,3303.8856214586203,15.51861527167918,3266.1673575541677,15.020291645749785,3169.537187392603,14.551256655656964
ROI_31_3.png,3279.7677641969212,26.138048501478007,3282.1336622222652,15.641603558157781,3249.3850778685674,16.29341696212351,3152.0267389404617,15.792767762398078
ROI_31_4.png,3299.1737393462927,25.28122739034142,3306.738495450788,14.199186158597666,3266.0815325813073,14.47599142902353,3166.178385295998,14.656413626104033
ROI_31_5.png,3281.584505923788,25.965394905521762,3295.6511664536656,16.268037929465574,3250.135203777839,15.124437642499892,3159.189846343106,15.187001982200206
ROI_31_6.png,3256.9394814991697,26.662225124865394,3280.5608159650747,17.374734891844888,3243.3254340452745,15.279846083917025,3149.965346733568,15.249354481394167
ROI_31_7.png,3272.7046081844146,25.162773447347412,3287.702987668822,16.32106940876479,3255.82952836894,16.147989702068138,3160.260975488582,14.895055754642016
ROI_31_8.png,3281.377722187508,26.763768848657246,3289.215527334822,15.612207923478294,3248.4821572068336,13.958179529123868,3155.599502713959,14.81789598669962
ROI_31_9.png,3287.015296710347,23.385236728236784,3292.9878068568955,15.474965533496151,3258.9569105985565,14.46356613823576,3159.0502791897693,14.962505933364568
ROI_32_0.png,3283.9284607438367,29.460944227839022,3288.357829858518,20.761873260478826,3255.6817755682023,19.556986904467717,3157.642879045352,18.009270034322874
ROI_32_1.png,3278.0886008520138,28.008467323086705,3277.072952153196,21.683832829926864,3234.024371511808,19.7116932078237,3140.6215800727286,19.25578447043884
ROI_32_2.png,3262.7603172810004,28.734565397965262,3276.8740471416563,21.571132224156045,3236.769802137165,19.731465253834457,3149.683629818107,17.609302953748333
ROI_32_3.png,3290.1147700469865,27.58533976332226,3294.0125683689107,19.59740872094958,3254.210176568748,16.503920789216043,3155.395868133317,18.15547547416622
ROI_32_4.png,3286.8093385738766,31.80243312016658,3288.002036653059,21.81960558106332,3258.3314683018284,18.241427764326062,3161.802264295256,16.803706832122415
ROI_32_5.png,3262.2861191176207,29.005942026707004,3261.150071249322,20.505865095880957,3230.8056929689606,19.112079826901205,3136.679551818586,19.450819267751797
ROI_32_6.png,3296.89217851317,27.347387933749445,3294.6269071839597,20.526575823890578,3256.667071663502,17.789518408924756,3161.5546041447883,16.832406940808312
ROI_32_7.png,3269.889342908432,29.253474888235864,3279.3816233453003,21.752532796399926,3238.83285758218,20.41295968513799,3149.5570482456205,19.247564807254825
ROI_32_8.png,3283.319908019304,28.610771573920324,3286.0473952433235,21.149431401214812,3252.4934885674093,17.785602707083303,3168.241308026541,16.03216576664218
ROI_32_9.png,3289.115400631871,29.149052066131794,3289.6997331893826,19.898033808431066,3254.5149646866585,17.335602437783784,3159.9678992313547,18.038893262148502
ROI_33_0.png,3305.548868063704,23.792378626701307,3309.671687916982,17.660026756743868,3268.9701550002014,13.937569580223848,3170.1073135612774,11.691680446402373
ROI_33_1.png,3293.7824875804263,22.118545891195375,3294.9885459795396,15.660386810994094,3257.5855865302924,12.513142462596225,3155.458320291444,14.188346059261061
ROI_33_2.png,3294.3655876795983,23.21329565059027,3295.075991823414,15.28313814832547,3257.7165724461233,13.450110842501996,3158.983578625006,12.757008384832714
ROI_33_3.png,3297.2722382458064,19.3564945549699,3303.043899142068,14.573025797501355,3264.5989993065673,12.507160006280511,3169.550487725803,11.98995472975329
ROI_33_4.png,3288.6580246308367,24.382453251841884,3299.345312328565,15.24442784821819,3256.3569115286155,13.570307595467721,3163.435126152695,13.190996960527702
ROI_33_5.png,3289.1247307043036,21.605724493171195,3294.399964934419,15.527106798709658,3250.473320513113,13.474591907011053,3157.0299361973352,13.786888088086737
ROI_33_6.png,3292.2535850138884,23.31969169660431,3298.7343279853044,16.610837423221895,3264.168762501502,15.780116763733767,3164.0274364365637,14.43791506299274
ROI_33_7.png,3282.7888115869946,22.609689612534886,3298.5606580969315,17.016601851544728,3248.0650121802432,14.503872936524475,3159.2118783219084,13.210771553073554
ROI_33_8.png,3267.3121028902206,25.776953220200348,3286.193896997353,17.138725960074446,3253.9016589325647,13.424071111237973,3159.894205654994,14.022736535193378
ROI_33_9.png,3300.8258863430183,30.132769792951578,3316.8398533458612,18.82407632014784,3272.211238967909,15.972358691208088,3175.082464223761,14.884114963045253
ROI_34_0.png,3236.4641399559487,39.84057796815209,3252.4716304003473,26.085821014203738,3218.9234893273124,23.909321555778128,3126.8953586552593,21.134287563631073
ROI_34_1.png,3274.9962472134866,32.44429886668098,3289.8938941695687,22.00914888113919,3256.6938417688293,17.609264561240693,3166.918444349361,15.980809572525418
ROI_34_2.png,3268.99599233576,28.36302886571903,3289.9834119135094,18.263692728615446,3259.743003793125,17.48389316026638,3160.5621688451474,14.985177284372622
ROI_34_3.png,3258.5031565583186,37.716858102996966,3275.606322641051,26.459997704336814,3245.500243435222,20.832669817805765,3148.29365950575,21.48218648328534
ROI_34_4.png,3257.4580225181166,38.46461924556765,3275.878284857059,23.082928457414646,3239.4038313673664,21.118489592751224,3150.334677749183,20.661804779598196
ROI_34_5.png,3270.4641928297497,34.128202058891354,3276.2408038073554,22.8287331730492,3240.2092167739006,19.911198611516962,3151.460419575471,19.85497546086421
ROI_34_6.png,3210.480073990812,36.63522387593435,3237.4280199833893,25.33001414147067,3205.7239991500965,21.831148256983017,3117.6970814697315,22.697677375332947
ROI_34_7.png,3269.503734547649,35.309860411133066,3288.3833514786797,22.61953521027312,3252.2252465116912,17.75225867732742,3147.322794889077,18.896419255588754
ROI_34_8.png,3292.992510586732,30.050970973261325,3296.174119598987,20.822469221814913,3255.968995868928,19.829946490039454,3158.5067834801466,18.717003281104887
ROI_34_9.png,3284.896728076172,29.667728653361305,3293.8903648430583,19.19431025283945,3260.1737760839537,17.49913511477812,3159.8833768536088,16.76115553601785
ROI_35_0.png,3285.8111008091673,25.559887323424082,3299.819708505611,16.189631806333765,3265.4774471888036,14.040608129814595,3168.5373071033473,14.433547461418922
ROI_35_1.png,3246.6057799139912,26.73502035728432,3265.891354008504,18.717967181577656,3230.1841515925257,14.665011098253885,3137.19502239306,16.614962369884843
ROI_35_2.png,3320.043813533323,24.77015749428506,3326.6226134233234,15.219172049456157,3292.9760164875197,13.40046829133866,3191.5174197670767,11.891065686778607
ROI_35_3.png,3247.5623420007164,32.955974430551365,3281.270130896752,20.79668300569405,3243.9549565031284,17.58293920039829,3156.5049305049065,15.399284014329746
ROI_35_4.png,3255.0645917658926,33.048797737832146,3271.7065332740385,21.661404334298666,3256.3603593206594,16.1564062423128,3157.462142946192,13.898784739700652
ROI_35_5.png,3264.359096439237,27.60859367071561,3286.147860742116,19.291454198735437,3246.4185558866516,14.400938020867846,3153.4032124098444,14.898703899368169
ROI_35_6.png,3277.9942363433424,26.01864993689255,3294.7809448098574,17.868372430446314,3260.8481515291232,12.706629297479289,3164.121907255924,14.359205801163046
ROI_35_7.png,3285.229734417289,27.712510286029676,3296.574462079826,18.883152577736222,3260.212797835929,14.92904541809457,3166.117907973469,14.454128536767882
ROI_35_8.png,3288.3317415895804,26.781367706222518,3302.9396927875573,17.479659277792138,3270.891422332266,14.786844064752295,3166.703052253455,14.192282430478375
ROI_35_9.png,3272.3446462498846,30.790059841858735,3278.6368961635562,20.241340739685644,3246.772084142785,16.73894028713291,3157.4198736432313,15.332327265754987
ROI_36_0.png,2972.9058502410667,56.85913445873077,3043.0101103723796,35.51057692214779,3031.289286402977,26.546845342458447,2972.4561039871564,23.780474165352608
ROI_36_1.png,3235.194489618639,27.35128529660915,3274.694905166931,16.04352595555564,3245.4957893292917,12.4465294764947,3149.4995243175595,11.521530817567893
ROI_36_2.png,3276.5269414802688,24.463764271604475,3282.2882470468903,15.8048808848296,3253.938013167319,14.765219645510921,3155.539872685609,14.01343049801954
ROI_36_3.png,3245.956373524846,30.835443314754684,3273.9304882567967,16.869069575835212,3247.8719107974557,12.590273035471924,3152.0149027028237,12.83231352899486
ROI_36_4.png,3279.9569709045677,24.00243529322136,3292.8427368888956,16.221424309908123,3249.30064454525,13.842780479320014,3154.6675198425883,12.467735379382864
ROI_36_5.png,2760.0964856625196,68.34035807086772,2834.860636960326,43.689084007567715,2830.297655849802,40.49018309666606,2770.324828511667,39.837646266366704
ROI_36_6.png,3294.938871412202,23.734803864978574,3304.733274969446,14.562238906611974,3266.4706229090893,13.598070154249191,3158.141078205641,12.461800165965128
ROI_36_7.png,3278.3353721109925,25.13129868552599,3296.8090343402773,14.903657344782655,3257.850733666453,13.11326890163097,3161.1021016051836,11.38728273985534
ROI_36_8.png,3273.6392920174144,28.647388623604527,3287.1087054803047,16.28429816928702,3247.7463400699,16.04354773483562,3152.571417903922,14.341356329757957
ROI_36_9.png,3152.897128284873,36.89935886159587,3194.225465737367,20.054554052098347,3174.164322074578,15.042675093393933,3091.012327625703,15.758830893016704
ROI_37_0.png,3305.403915971617,24.40141364316802,3312.323503505476,16.90537673010305,3277.180887590636,14.949327069186733,3176.3598958720954,14.062366579592691
ROI_37_1.png,3328.6842278056515,23.26359840401834,3332.576013143087,14.959914321753313,3283.18098059948,14.218689364623176,3182.147896614369,13.794272945535573
ROI_37_2.png,3317.2887378912483,24.035233419995116,3325.3954113699056,15.725041400047601,3291.6222013983142,12.537307240612922,3188.178359212192,12.914681394544697
ROI_37_3.png,3305.634752052673,26.458354905649465,3306.6527311593823,18.538026438301188,3273.6233354076626,14.497477075354315,3173.4036839863443,13.911444939301417
ROI_37_4.png,3314.382545575241,27.844490290894903,3320.9508507779087,16.998677636194955,3290.717685307252,13.390926765275422,3184.432813281282,13.597685950973895
ROI_37_5.png,3310.2137320660518,29.14940213299841,3327.810710461565,17.462861816015185,3283.5038980478894,12.715146441270395,3180.023986830556,13.461102260194359
ROI_37_6.png,3290.6325953062787,30.046573637841817,3300.8606205273586,17.903082881590034,3272.0849009943377,14.44028132853732,3175.1462960864446,15.85666176112664
ROI_37_7.png,3316.678513826288,26.265488331247504,3322.0086397557616,16.66439372023338,3281.6331177237853,15.251444321746495,3180.8948610670154,15.423653589658382
ROI_37_8.png,3305.525897307515,29.41504301670509,3323.61936495062,18.39503129034155,3281.7612328188557,13.829653604141757,3182.5743891784964,15.366856101666865
ROI_37_9.png,3278.798156468888,23.736252044511687,3297.706052279044,15.97221454725735,3270.178784062477,11.674254819787187,3171.4645831443504,11.758807230678569
ROI_38_0.png,3223.1895939912797,32.179058558356175,3236.7595782479298,20.805855802516444,3205.257272797732,19.46112990683983,3120.3927845934973,19.02203728949531
ROI_38_1.png,3310.1690726592465,26.728153528826816,3315.3819144376125,15.771621842723938,3270.4451666733053,15.744964703775286,3177.63613121418,14.012046877612892
ROI_38_2.png,3302.074200079876,23.86133316901917,3299.239171776928,17.248195050023845,3263.8922095746398,14.82191508029942,3167.964696840177,14.863778460221214
ROI_38_3.png,3301.747015232815,23.99095974566089,3300.373353673293,17.31158241142839,3265.1050858477365,13.737470801292718,3167.3347658274656,13.820117299450104
ROI_38_4.png,3311.2271285468537,24.026427936989418,3316.3687222220437,17.20423173462476,3279.2810829574105,13.680209417155185,3182.732139734659,12.81316174305016
ROI_38_5.png,3310.9263273075903,26.511129696022913,3308.6711850113234,15.517619432474584,3267.9027908449766,13.50689300284973,3168.7312813756344,13.582303715772825
ROI_38_6.png,3291.6538281621015,25.730130084918994,3290.4598785178628,19.32119614953862,3254.651011537945,16.057342269906524,3160.2416344990415,15.805013743875197
ROI_38_7.png,3284.1599094667035,26.73852456833089,3292.557364308941,18.2805614956641,3254.997749152324,14.740789712103936,3153.996519472725,15.722045567805871
ROI_38_8.png,3249.5416719546156,31.075123565738185,3263.7131545756624,19.414680186741407,3222.867647702421,19.36908711278296,3128.5727624324345,18.77864107750421
ROI_38_9.png,3297.069141731576,26.812580114471782,3298.550569789865,18.151529696913887,3258.91922848848,15.513613646046945,3160.528983023533,15.503853988367148
ROI_39_0.png,3283.8049913968866,25.006651070530506,3291.344622377883,16.899104413985405,3249.682547632983,14.31137450926078,3156.0891582554823,14.107464659664881
ROI_39_1.png,3301.9182872334236,20.822937917769323,3300.757331052702,15.19045000619944,3260.5334693435034,14.327968706298456,3168.833508746849,11.750252945864537
ROI_39_2.png,3296.0644412561023,20.252138842771753,3300.8453001123744,13.210988362915003,3258.820814614496,13.09022233182068,3160.567577640061,12.64912866270732
ROI_39_3.png,3297.6463638877403,23.925584526524457,3299.6304685884843,13.648265774824083,3260.383256002289,14.601881733695716,3160.7879971935795,13.55195125187706
ROI_39_4.png,3292.4741417076534,21.383958577986895,3296.3284519188664,16.293812711680847,3259.2458871083195,15.074263121157045,3164.5233625456412,13.85904075721005
ROI_39_5.png,3278.0128047618655,22.49659652160557,3285.429118879117,15.612815223988466,3246.8958215708503,15.994864236321968,3151.7780956824927,15.649706730339313
ROI_39_6.png,3282.923821982189,22.35465847557809,3289.1854756577454,17.25168614333179,3256.8105460653755,13.04509219643715,3162.569113576092,13.705085569574893
ROI_39_7.png,3293.6048958861475,21.26050843699499,3304.0969417160018,15.742485277067235,3258.3773604168214,14.020445961779826,3158.1504902596234,14.079281493514788
ROI_39_8.png,3280.63247469094,20.727075952631182,3284.0281063091725,16.040445239178116,3248.786336106907,14.621874886152685,3150.9154171449472,13.013069287183393
ROI_39_9.png,3297.694841585308,22.902961481589422,3299.599287887321,15.083089200019538,3256.9294213134344,13.061687615381803,3161.27986194169,13.15738762923009
ROI_40_0.png,3314.2862936474844,26.911294121153077,3318.3311612578627,16.395843971670047,3279.6884023933744,13.717681398688686,3188.7233980047745,15.426252290987643
ROI_40_1.png,3313.145336560683,32.34581122656327,3324.7368906680804,18.15396584107191,3285.2917967352714,15.505326348564049,3186.9456387053538,15.557474727401111
ROI_40_2.png,3294.2758319432564,36.48705831419129,3308.9934125230043,22.24788256475994,3278.8645992131032,16.882421917321917,3177.68391186841,16.97337826596189
ROI_40_3.png,3273.6878307989195,36.91641073296108,3293.2277569464154,23.080504033300542,3254.6808366235423,19.78468190491556,3166.787090476616,17.939939002096494
ROI_40_4.png,3287.6928490163627,38.01013341039814,3315.0943030157746,23.139595357763447,3274.167699597725,17.92921861524908,3178.14752048412,17.930659264569776
ROI_40_5.png,3270.4322301221496,38.2239716141705,3282.579942525797,27.19091168285894,3257.684060787424,20.413590522261863,3159.38248241207,19.740940182969116
ROI_40_6.png,3291.2611956472574,34.54648263533481,3296.3205051515856,22.144255381674448,3265.6270727460433,18.11599217659678,3161.960672031516,18.909813464587444
ROI_40_7.png,3277.7084358382076,37.02181100920319,3300.4787012849715,21.731911945447955,3265.483293013013,17.182281705218134,3173.1616466004984,16.53744404794687
ROI_40_8.png,3278.629835840739,28.36769463759043,3284.247219036134,20.540893252841563,3254.5242352561095,18.536599205634968,3158.5502903187653,18.562068724298204
ROI_40_9.png,3300.0906292746386,32.67798347321315,3319.380240139603,20.254737236600985,3286.0507880657087,14.377287804189947,3184.2244307344718,14.18777905989716
ROI_41_0.png,3315.3575744984964,24.573162012349684,3322.1073983473384,15.641970345764388,3276.987547028485,13.720949045960264,3181.7889973536926,12.545331940163578
ROI_41_1.png,3266.687927174627,27.145669314492288,3275.6696850966323,17.31244629075701,3248.1280471850173,15.974798172448502,3153.6626246019237,16.16656961639195
ROI_41_2.png,3304.324785746244,30.46934905614638,3311.3384080442133,18.370371007102854,3273.4555903230225,15.54856794015263,3173.655212327706,13.161528115055646
ROI_41_3.png,3296.3918140650153,30.048151053859147,3308.896431984221,19.418451997852976,3272.676298513883,14.390427183621767,3174.0774329977808,13.836641553920007
ROI_41_4.png,3279.845107680766,27.67793184747635,3295.531777989091,18.033329793845596,3254.0589450705506,14.975983924993358,3160.8808647283977,14.891720538586052
ROI_41_5.png,3276.3928771787164,30.17358885566571,3286.2421005683454,17.98728802928951,3249.6065732674238,16.13928569845396,3158.777913532823,15.683061818215506
ROI_41_6.png,3310.055439869168,25.06862448628371,3317.5192929253494,18.532913360417552,3275.5095366978367,14.082076025203785,3179.2563578847366,14.316773864767448
ROI_41_7.png,3275.9454974608566,27.792973933061315,3283.765718391678,17.690219794563966,3249.151076493889,17.092644189753436,3155.3551257660306,15.327609531320189
ROI_41_8.png,3269.303091015095,30.986666253738058,3292.082879910044,21.29988147466861,3256.9717597058147,17.979675684794806,3160.8178873584698,15.76290465013555
ROI_41_9.png,3301.480554639986,25.740091710366553,3307.844833713072,18.277205196016666,3275.029901240578,15.09833026756564,3174.2274559896114,13.368060777386908
ROI_42_0.png,3296.9819262264396,23.146540008894554,3305.801211021657,13.69210989012262,3256.725484597404,13.333307617167884,3164.805629305014,13.542940492122774
ROI_42_1.png,3296.505678598381,24.071731418618906,3298.663530564136,14.838859475249937,3264.740880645379,12.581851322114769,3163.255214091934,14.038702297879581
ROI_42_2.png,3247.5007209895875,29.555037120276587,3262.618154478734,17.94787018161214,3228.0880355523527,16.505520431776045,3137.3795877006105,17.361479119533428
ROI_42_3.png,3234.9765570890704,31.34118117754963,3262.561758031176,19.97592291271849,3215.558337363491,17.64599488634632,3126.738318806932,17.357587610231278
ROI_42_4.png,3279.944986430799,26.855407679186012,3291.2530781189676,15.418900317502759,3254.9127841924173,13.744613096752907,3161.740937668941,14.104772873624013
ROI_42_5.png,3311.367405140313,20.138462997471162,3316.1733166471154,13.506321514608914,3277.561999401951,13.13128429351152,3180.2855292500826,11.881785971021033
ROI_42_6.png,3250.385998715536,25.41511600289577,3265.9909319844337,20.32856942959505,3230.1453401834337,16.28929365315523,3135.983426800211,16.466073011803026
ROI_42_7.png,3259.4859360653227,26.630147123320683,3288.034053322227,19.345476092077607,3253.429322332948,15.770152307275067,3151.626137891989,14.345680639040998
ROI_42_8.png,3272.5486119967177,25.627038269521158,3284.2408169734913,17.140326977597578,3244.16026404709,15.4751449939614,3146.194367906829,13.972193344692826
ROI_42_9.png,3294.339823685641,23.84463836477046,3301.120241258014,15.793058363348191,3263.9948886022644,13.14190208444279,3167.0204885090175,13.782822924891079
ROI_43_0.png,3294.8222238381586,30.272623729597044,3311.446407549782,20.066843684465624,3268.942114971038,18.740883595872155,3164.761710065819,19.125580998486793
ROI_43_1.png,3256.122416563567,35.713351945148816,3277.017047851172,24.431305109070138,3239.5071533800337,21.22800496287669,3141.809306582526,21.226690649052458
ROI_43_2.png,3270.3292408183265,30.37958217633309,3288.8001246367076,21.835022451212744,3250.603008397155,19.266295677115657,3154.9140256856617,18.35752987425113
ROI_43_3.png,3276.9732071799344,35.91028395722367,3291.6681503600885,23.478548796749536,3255.3483216030163,19.33209315465392,3156.7304119654464,20.839543101361627
ROI_43_4.png,3287.618685747795,35.89698038425428,3287.142840823813,23.7151370538581,3251.987456816225,18.83906589155607,3164.4686645484435,18.80883489113267
ROI_43_5.png,3283.6835029464214,31.319161066933496,3297.1761501854653,20.47472284077063,3258.748429166604,17.34784195238641,3164.9334003986714,17.541796974462436
ROI_43_6.png,3287.289714264151,35.80523669175878,3293.572675750415,21.786487683504024,3254.796019087334,17.148465687546704,3159.522118173261,18.583996479394028
ROI_43_7.png,3292.7733819540676,31.67445971450947,3306.473019052079,20.429482352177214,3267.583400837874,17.18735964432582,3170.406008004691,17.699410338834817
ROI_43_8.png,3293.459192043589,28.290074491588648,3298.0022860555105,17.091896935273972,3264.398859552438,14.561005124327416,3174.9978440375994,16.037505574333398
ROI_43_9.png,3277.672259187947,32.342695914775916,3282.2579438196817,20.115051397970205,3244.869546345433,18.80591725783396,3150.7113274912194,18.38910016390814
ROI_44_0.png,3269.4651825960777,33.16464681041106,3285.7303254859135,21.90135113514011,3258.2570743384586,18.62564293980551,3152.7854459222153,18.244760119833728
ROI_44_1.png,3290.981319764496,31.194182396958254,3305.0430964407997,19.530954011972547,3274.35871539111,16.28179045677494,3176.364307950643,16.908186495313327
ROI_44_2.png,3275.9764626638093,36.328981971274104,3288.2931383110886,21.35984318101212,3260.9695663024095,19.33395107147316,3169.0393012968584,17.362519902559143
ROI_44_3.png,3274.3767273902986,30.41767875975341,3291.7476906585953,20.768729349702916,3250.6938244992893,16.67724419585132,3156.847324111573,17.432823785351225
ROI_44_4.png,3284.824031885104,31.965199129750903,3296.4575125052997,20.256127998044363,3260.3577597514814,16.233714668815377,3162.1368863948555,18.663994148486793
ROI_44_5.png,3291.7121235762606,29.92682980345689,3300.946677367825,20.674838567452472,3269.616135601117,18.57091935976446,3170.9633708841325,16.66840672410207
ROI_44_6.png,3286.248717121171,32.503758905652475,3282.5102438389254,21.961784413601144,3245.608733664561,19.57961405788012,3150.5200313621403,20.060162105435165
ROI_44_7.png,3304.5467069868087,27.411460228356887,3313.6826785082894,17.258935852915357,3277.576020522689,14.872991464690934,3177.527484742123,15.338801716091698
ROI_44_8.png,3251.5289913295705,34.04160550672142,3272.152675799857,19.36746091927857,3229.0569013562713,16.496495278029847,3135.075467840216,17.806659628394755
ROI_44_9.png,3259.2135088701098,31.30803872654768,3261.5165582031814,20.6465924914325,3227.170483353412,20.656966697412948,3133.0303085894775,21.046564317083593
ROI_45_0.png,3293.3839302363053,28.750717926577504,3306.6591470066014,16.90328928040325,3265.564304533196,14.372984683189518,3169.534474410666,12.705369763734868
ROI_45_1.png,3298.0369318441976,25.686892649611288,3300.337678611889,16.939430825102924,3259.681511682057,13.909156498932688,3165.571177386005,14.429312911577966
ROI_45_2.png,3300.3524010389206,23.801976049881922,3301.9298361103097,17.567784918205895,3262.8730395768607,14.552316851941635,3165.4246424620833,14.799515705802346
ROI_45_3.png,3310.131222119126,25.41333519505568,3311.233081386775,17.345103023651856,3265.7758333222805,14.974665145331574,3173.6975473503044,13.495556598344168
ROI_45_4.png,3330.4000917275516,24.849333422796658,3329.947088188717,16.21739046111524,3287.055859290272,13.725627032360117,3186.5311199000166,12.641387617872624
ROI_45_5.png,3330.86058159434,25.61484445461113,3337.261802079648,16.841173347747027,3297.817991465845,12.387335752058076,3195.219806388092,11.830946395877401
ROI_45_6.png,3319.706638394581,23.684005910959826,3320.645853280844,17.17790687123449,3282.4388869917493,14.052952103772485,3180.603123472612,13.239498753070102
ROI_45_7.png,3318.3170761093043,23.259074001631134,3324.644890081783,14.498020669077205,3286.0941995375674,13.384912063803434,3184.5171308771783,12.551325747831815
ROI_45_8.png,3316.1404185703586,27.034122883473422,3318.864266431069,15.296403887016687,3277.7219202111764,14.977390166681085,3180.770647031505,13.569140420193905
ROI_45_9.png,3296.804802338578,26.109795774817787,3316.600011032394,15.511246663569642,3276.3564948388407,13.317231867015309,3179.566067795693,12.129550432376693
ROI_46_0.png,3322.1231683325605,31.628721972425826,3330.710932376165,18.663947297382887,3289.2827826820053,15.392059316150828,3192.32844653371,15.100549080190955
ROI_46_1.png,3262.4548671800203,36.671528869925396,3267.183227544303,24.620224624164358,3238.642970269604,20.223977105221163,3147.872194054815,21.44721640374241
ROI_46_2.png,3305.463924931293,34.42499134927448,3321.450699818991,22.195835084367083,3281.25477827768,19.548970056827798,3186.0067262598527,17.48338081117206
ROI_46_3.png,3255.435172677048,37.782351693264914,3273.0334034218354,24.49654776484114,3241.5239908775175,22.646828653927837,3147.172399066902,22.10408063498393
ROI_46_4.png,3267.1870711550223,35.88486353437855,3273.4046873895245,25.9586486243276,3238.6814511267794,22.843794788312085,3140.358342401657,22.402874057955273
ROI_46_5.png,3305.0564389246497,31.085053072055196,3308.503542361198,19.728633546529537,3268.64781952065,18.590631704556916,3171.0545128871427,18.608375256260373
ROI_46_6.png,3311.871858757472,32.136047770145716,3326.712128088281,20.579748510745205,3279.7978849078186,17.728271812159843,3181.176353362677,16.5820829143695
ROI_46_7.png,3275.2250426849446,31.41422571061662,3288.8811422164204,18.94178962996141,3263.937591074323,19.074943099060114,3159.451611120584,19.346503395883854
ROI_46_8.png,3271.3144109946375,37.888619919439414,3294.112522698203,21.190196660019147,3256.8381609565636,19.36349766773283,3162.826203781854,16.59690148689731
ROI_46_9.png,3276.72924619499,34.177185790817134,3285.424647335446,19.600432779372184,3259.2248056796248,17.48678512165084,3161.3887394711182,17.307973673837846
ROI_47_0.png,3240.833897060135,39.89578148776515,3256.5579178093412,27.411577492117658,3219.4599447454084,26.850668329659207,3129.3839269697855,27.9229386454533
ROI_47_1.png,3281.111212113622,35.30833018322908,3291.6610191686455,24.273800612764422,3257.777315317635,21.10022861815257,3156.3847489398745,22.34394628501497
ROI_47_2.png,3283.5661566225235,32.05911206371668,3300.7253643177087,21.38331545252889,3267.5262827540046,16.706649482496044,3164.4898734872527,20.04859904110872
ROI_47_3.png,3272.7713240773005,36.430008159413106,3288.0165814070783,24.32553658563934,3254.7869659436806,19.89509753858004,3159.1783312368407,21.444734816274234
ROI_47_4.png,3264.927334086558,34.65259340898331,3296.9339246341992,22.653292374247513,3261.139710215063,20.47465048998575,3168.548422430792,18.027093089296724
ROI_47_5.png,3289.60943251288,32.136432777265874,3296.6074270644726,20.878559278589222,3261.4440904008597,19.72447894752868,3160.947774440681,20.293640135127056
ROI_47_6.png,3257.1165140928133,39.69083744036678,3285.368652799646,26.10223269317781,3253.458965032643,19.76285546541441,3156.8874244013887,22.021276260669943
ROI_47_7.png,3276.0813872982135,32.93518207782763,3286.274111423949,21.043668058616863,3250.752229076008,19.141181475205272,3151.361747703085,21.063790280955477
ROI_47_8.png,3304.0889730013305,36.68331532840858,3310.9600461519017,20.98717118125986,3268.452044548172,18.970793079638664,3170.677497148697,18.448661381984238
ROI_47_9.png,3283.2071329344317,38.68105332391212,3298.3299034400675,25.17857717170388,3266.632845976947,21.254834634086972,3164.8266485186828,21.101826122761906
ROI_48_0.png,3289.5763745889067,34.68940736538654,3300.204041616872,22.745564935467687,3268.7355131900686,18.88793693843264,3167.1209952870972,17.718318895395164
ROI_48_1.png,3249.412101232446,36.95495726299923,3263.804791774357,24.407433229242386,3230.9981928095035,21.917700156777435,3143.2199407154153,20.06966311955818
ROI_48_2.png,3283.8012137203336,35.98081753591376,3293.7983400258045,24.291123591215843,3255.5691553069732,20.692163395457158,3163.453836211811,20.110279060086192
ROI_48_3.png,3282.9046549944255,30.565468827626457,3294.5056496507414,20.683052616365828,3253.0853668416485,19.010223228141086,3155.8407584009437,18.175870486362125
ROI_48_4.png,3273.5181320447005,36.81111613874073,3284.5440117948974,27.209120152155016,3255.081133884287,20.843190786127245,3161.962153533367,21.397644586070935
ROI_48_5.png,3251.112875177838,40.237165909563885,3270.908063605984,27.36237551821981,3232.9037086092785,23.076742161652742,3141.703907798327,22.31601377878986
ROI_48_6.png,3313.913752574747,34.113455062761744,3313.1527555038233,19.768468942715977,3278.48876631093,15.754101733673412,3179.795498277807,16.321291950124362
ROI_48_7.png,3273.620030686302,36.07929489730711,3298.1144236886857,21.673339589109016,3259.0530608248578,19.204610061545235,3160.839930286994,19.845512410334997
ROI_48_8.png,3270.866796863603,31.063412303520877,3287.1071891298993,20.45497407474317,3253.01144423253,17.840433822366357,3157.0408871532036,17.386013200235286
ROI_48_9.png,3300.5130717162174,33.079365624545744,3307.5559933728314,21.840681379349057,3263.44602281995,19.05927133970593,3167.0589242484784,19.10389187123496
ROI_49_0.png,3284.4908995692017,20.934828398820738,3298.7393035190025,13.34719038436138,3262.290227170653,11.431202007349118,3168.301674459567,11.913733090888442
ROI_49_1.png,3284.6539640960214,20.11767110752509,3293.51119977385,14.045169450364948,3249.9566525188325,12.882384224998702,3157.8723242726082,11.99852251017653
ROI_49_2.png,3290.4725643070633,21.615505006892796,3297.906485713675,14.989241674813435,3259.0220129636864,13.561607118589096,3165.422429829706,12.828297224851768
ROI_49_3.png,3255.8655715416317,23.03459373740813,3272.033396757569,16.922524419689545,3240.9871820890576,14.825685800904742,3147.446570362781,14.814960164548099
ROI_49_4.png,3235.8474918087586,29.33456563233711,3256.6125376672235,19.440704543141294,3212.8185487378382,16.334375958747472,3124.4406932363045,16.938451107846145
ROI_49_5.png,3266.9023721039666,20.673886376850437,3272.9135042743305,14.297461675667089,3242.0543371167623,13.064425748830415,3148.414284320903,12.751678208456237
ROI_49_6.png,3267.663964150734,19.454048754533083,3276.5970198317,14.635559699737431,3244.411289320048,12.606378455869063,3147.6503836759666,12.383799904387748
ROI_49_7.png,3270.87423729566,23.256488499013876,3284.6407799361805,14.53995682957806,3247.8882023095293,13.082950746794241,3154.1074567740066,11.66807485187363
ROI_49_8.png,3251.489813509355,21.769443943367918,3273.821488920341,15.451463570102248,3233.676860402975,13.646665045973236,3143.162094816856,13.728897780775597
ROI_49_9.png,3249.294952777509,23.79603338280733,3262.4314025471936,16.253093487639745,3229.524871979707,13.280755892427713,3136.505953483731,13.825248768703933
ROI_50_0.png,3297.230489220858,27.330137748295442,3307.360955235368,18.061218476588216,3268.283119778728,15.673876355313483,3168.0501783761615,15.686110306485691
ROI_50_1.png,3259.7739190133393,35.632845077628104,3273.7207236758877,21.365048615589167,3243.5076263344026,19.35759878076378,3146.3809818212626,18.474245990174403
ROI_50_2.png,3299.1579012695724,30.218125164219778,3305.817184123541,20.5551310493481,3275.27209571248,16.306944647955344,3174.3067672175384,15.378655709150133
ROI_50_3.png,3250.6831847741983,33.71793960077332,3264.07700554687,22.1071381676634,3236.0024615011607,18.07572845428346,3142.6583371943498,19.849156602281838
ROI_50_4.png,3298.1292169343537,29.606392951861515,3311.2425671360816,19.41459960964344,3268.3329122556197,18.04832595776525,3170.787705654384,16.477292867121754
ROI_50_5.png,3291.7081967321674,31.87659321471531,3308.2107255298965,20.818042914473306,3269.3825932195778,18.337257705824452,3173.4675443780184,15.33804699387737
ROI_50_6.png,3279.288001976034,31.71750565740564,3285.292553593065,20.636985055089223,3252.382023635129,19.41952663072461,3154.658999608709,17.833279655116858
ROI_50_7.png,3298.0561150309923,26.3510537714184,3304.1066768708934,18.251455259537426,3264.996694006313,15.22770338200804,3166.848421574477,16.609622840961677
ROI_50_8.png,3303.4359502663506,26.605073987928023,3299.6451664671586,17.11327154256903,3262.584961357087,16.455477264556478,3163.143996799458,15.820834332244525
ROI_50_9.png,3270.7195495490523,32.85501882335821,3281.589974599049,22.158517111387646,3250.7376237071667,18.6417448056106,3147.960515151453,19.74404899046727
ROI_51_0.png,3256.0437856177805,30.66757020800304,3269.648811891639,20.013088524818684,3232.9528371610636,14.78367955751005,3145.6783556259034,14.155143876739224
ROI_51_1.png,3245.104570764332,34.26595466351142,3274.2148912961106,22.924335978303,3239.944065971304,20.271151910167788,3141.902113630376,17.810760420686382
ROI_51_2.png,3283.9283219144945,31.166739992912145,3299.6623750344165,19.68483300374273,3265.00009320111,17.474374390113255,3166.2236681555523,16.22560384532454
ROI_51_3.png,3256.8022219110703,34.25426990712761,3288.4209011765306,23.111118443796357,3258.563521066335,17.013815989705115,3161.053777663469,15.117339965692
ROI_51_4.png,3280.384525325498,35.13025312038579,3305.571039902351,21.190833817213345,3267.0509696743648,16.491673752964786,3165.90008479591,15.007567923099527
ROI_51_5.png,3258.6024890409744,33.698430661480685,3282.7184117645147,20.001500879023872,3249.9651784131493,15.185071697102076,3159.4401064611743,18.13354519115918
ROI_51_6.png,3304.2700491207947,30.56926315748574,3320.13538405746,17.353449248917002,3282.17917101632,15.351105469643175,3184.02870039915,13.269397658728845
ROI_51_7.png,3285.4210196191693,32.25441905508951,3308.8991516422143,16.758015040537934,3278.819001476943,15.210620553252184,3176.6681424669564,14.61529464282752
ROI_51_8.png,3260.743731893137,30.055627092900643,3286.8330681798407,21.032685808372662,3249.150633066007,17.188566401732864,3154.0365990700016,17.591130405616724
ROI_51_9.png,3256.4060196390456,34.84486407653968,3283.2065333073265,23.687452335384563,3247.5039047698356,17.588095171732228,3158.5591986925547,15.266444199466097
ROI_52_0.png,3322.6450256000603,31.014542171896128,3319.753222302104,18.666123728190136,3279.601369377321,17.430759884741533,3178.6817540465386,16.412736226620268
ROI_52_1.png,3304.5747244294466,24.51845755339639,3304.8766480667045,16.304193086193667,3267.2019382856797,15.731006772554828,3166.2878567440757,14.054588840141504
ROI_52_2.png,3302.7050242998703,24.702113829198915,3310.535599314881,18.749012804976978,3269.0167824731766,15.927480079227596,3169.843712728472,15.03458293918665
ROI_52_3.png,3298.1204534291437,25.648135772560988,3299.2683150340918,18.233884710709912,3265.090369250549,15.213936407087857,3166.781559756914,15.017417009167822
ROI_52_4.png,3312.8638973129764,28.107553448223506,3312.500075957041,17.82737274359514,3283.8353087515397,15.45010012147111,3184.3250825529376,15.529485140764141
ROI_52_5.png,3277.602272525978,26.891948775978918,3280.874763773835,19.418757751934372,3255.211062403937,16.500722831074793,3164.624512715235,15.4703419073062
ROI_52_6.png,3293.2040207204814,29.727201301466494,3294.4553100865965,20.105939981589366,3249.32844482377,17.850822715134633,3155.9430566136316,18.91427768596955
ROI_52_7.png,3297.9108763512463,27.19331136394925,3304.3642123760596,20.233609518999746,3261.2042974258998,17.046679758813312,3164.153009788819,16.4257515674429
ROI_52_8.png,3288.5149179617615,28.435171406959235,3290.799651843851,21.08368019798413,3261.2383483543517,18.307848126953953,3162.250875975044,17.36028318147448
ROI_52_9.png,3321.574246979844,26.71102126853685,3324.8942987486425,20.73029321390603,3284.8507486519197,18.31569811910761,3176.0016276819965,17.70300186193486
ROI_53_0.png,3246.0191263747297,43.869826917244154,3271.0896318605205,30.789875645556478,3237.90045386738,26.057319219883425,3142.4041383158824,24.235896782256862
ROI_53_1.png,3262.397433339653,42.41035831926094,3281.664240061184,28.86384036113635,3244.0367501124406,23.79296049077216,3154.2149839618255,22.261433042871793
ROI_53_2.png,3266.8533401045825,38.014737658974425,3278.8800245642296,24.547371461590302,3244.778733320387,21.97062640683368,3150.1485970426675,22.446741660684456
ROI_53_3.png,3254.29749876321,46.626724594483306,3271.252520435707,31.30452536987807,3239.3789063297563,24.902422282635822,3152.3732471585454,22.439774051694023
ROI_53_4.png,3258.06251401705,40.1735820126643,3277.0453049560697,26.33297631644201,3239.869399723106,24.80697432524449,3149.1881515961186,20.77985815254417
ROI_53_5.png,3302.0417431582637,34.953004135074735,3314.069957975101,22.362132227192014,3273.4129991959617,19.745151764258534,3169.0025205939164,20.105476708649206
ROI_53_6.png,3249.6332048749705,44.47774218300624,3267.06436525285,31.630896888014753,3228.0924201973266,26.341037688546223,3135.202526361975,25.475052310798382
ROI_53_7.png,3219.4256641305597,45.18435990069282,3235.4653261439503,31.593368181543337,3209.2508063088912,25.138085313883145,3120.286309394651,27.06342713435364
ROI_53_8.png,3112.233990384617,57.380240520659264,3160.254619947002,34.18976008187843,3149.8172462194293,28.995170960397417,3070.3038734390434,28.871597662530668
ROI_53_9.png,3025.431889417184,69.53608202996372,3079.3785969339524,43.56760800684883,3070.90049422878,36.47272495009605,2999.8844422379034,37.84852793786737
ROI_54_0.png,3310.433397892883,28.420608332707566,3321.70120170954,17.342820116883416,3282.747696889965,15.25519051390037,3186.3451475153215,14.491278955771996
ROI_54_1.png,3290.752996983788,34.741995988824186,3291.4739740832456,20.04224884500421,3257.212691594025,18.13796603076554,3157.84374752921,18.527137962230793
ROI_54_2.png,3273.3649395494717,27.915465309737748,3289.5658494608065,18.27756479037076,3251.9306983114207,18.19156236376189,3162.014568018524,16.923007594545517
ROI_54_3.png,3295.6265172567782,34.258727038199964,3310.292498871325,23.329936408404016,3268.7069854631527,18.194455512431755,3172.0655784618593,17.911837454817512
ROI_54_4.png,3304.042997560202,25.10165198276474,3298.947755487213,19.59523425205352,3269.660014610241,16.5164106144804,3173.834106208014,16.49278723786281
ROI_54_5.png,3310.03446995735,28.2676658381992,3314.772150298845,20.379247738893326,3278.381108909235,17.099989347909695,3181.774322276629,14.94288586967106
ROI_54_6.png,3303.4344868216754,22.10613138789718,3309.6494438287255,16.518460927773912,3268.007041331631,15.230222359335965,3168.701659436628,15.477503199784538
ROI_54_7.png,3297.4587547337565,30.72657762083997,3315.4365642404377,21.069929096540253,3269.4504244585646,17.763311923395225,3172.4609352321595,17.56581291108577
ROI_54_8.png,3311.712852109522,26.931037389983963,3317.5219778542873,16.75350592438413,3273.161128408775,16.09854031866805,3172.1640337143567,16.254840062270013
ROI_54_9.png,3310.275040857356,32.75729701957536,3318.1151095000087,21.54522954902621,3282.184892452351,17.56356127006263,3179.2386727666394,16.946131379073137
