Filename,SFM_Coarseness,SFM_Contrast,SFM_Periodicity,SFM_Roughness
ROI_00_0.png,4.971775444923839,23.634034934598652,0.7270127001074226,2.4227726818131385
ROI_00_1.png,4.035577628123158,28.772221941274843,0.7090754223112274,2.4307807198256866
ROI_00_2.png,4.387506116872228,26.09896007938174,0.6973433280490917,2.4388931832598155
ROI_00_3.png,4.582675898458169,26.666049375571394,0.6893357939206599,2.436966041032505
ROI_00_4.png,4.4209239489975385,26.384402291948,0.7125229876551337,2.4109136861313143
ROI_00_5.png,4.970797126579968,23.561595553536154,0.7074725341778534,2.406200491533176
ROI_00_6.png,5.303856013730156,23.303649654155155,0.7068847827332727,2.473049338861311
ROI_00_7.png,5.614250412267165,21.920946609459,0.6968601827662095,2.4486125074237957
ROI_00_8.png,5.358387026387131,23.247354610249346,0.7042255415196628,2.426356631561756
ROI_00_9.png,5.762404928239824,21.171301575152327,0.7137853107732733,2.4276754965003815
ROI_01_0.png,5.550676763543093,23.149066119364438,0.5835523994336451,2.531533262664425
ROI_01_1.png,5.292110748233123,23.581882520815714,0.5803412177823073,2.522377322582258
ROI_01_2.png,6.50653540653172,20.825856389033916,0.5692432578083167,2.582259576507316
ROI_01_3.png,5.804307810686156,22.50705302393153,0.6129693693959138,2.545008094097334
ROI_01_4.png,4.887409263125584,27.38875473528217,0.6733969365435125,2.522599113455374
ROI_01_5.png,5.6070641506644465,23.989510106296745,0.5983829050813759,2.577969430236817
ROI_01_6.png,6.108336037835765,21.377772598605304,0.5828394317017718,2.556579559223585
ROI_01_7.png,7.083517732292344,18.733419084453548,0.4635828172305071,2.634307491977573
ROI_01_8.png,5.351258982355231,24.250955301583247,0.6200322987131894,2.5179699913954696
ROI_01_9.png,6.286235497123958,20.80940718981713,0.6025369619543318,2.5364924343950013
ROI_02_0.png,6.20335521560123,20.351156763649964,0.5985871201756452,2.493961040158384
ROI_02_1.png,7.03540147377455,17.937658088485033,0.5526564168725627,2.5546446168079306
ROI_02_2.png,5.285222091786895,24.12981184986441,0.6407307363797242,2.4853964947823983
ROI_02_3.png,6.035150298587076,20.08818618934564,0.5641280339909335,2.5254571234828096
ROI_02_4.png,5.296001933508009,24.140100746284393,0.6030800667294131,2.5121181151587457
ROI_02_5.png,5.909929681560901,20.89352386755653,0.5237659838615211,2.539932973132356
ROI_02_6.png,6.3922296205285765,20.192366811363158,0.47898255394580574,2.590124219240706
ROI_02_7.png,7.627753499229418,16.547012431836787,0.5939936497235558,2.5181361604029884
ROI_02_8.png,4.829123227074127,24.31358421189852,0.678122328819755,2.448485397859784
ROI_02_9.png,7.209382298885807,18.006626825738003,0.5666741644690859,2.5656703183628635
ROI_03_0.png,5.494581001149532,22.990594507799607,0.6080386859894256,2.529840939660686
ROI_03_1.png,5.934805033000683,22.42789795112277,0.5066104545977607,2.6078174466733994
ROI_03_2.png,5.051296835039235,25.52664907219871,0.5993706901733433,2.5075417633032417
ROI_03_3.png,5.3982814843992175,22.991533685320206,0.6543243298151242,2.5118720712601434
ROI_03_4.png,5.090560336198665,24.381190205198465,0.6403613392111499,2.485755376760387
ROI_03_5.png,4.309878744286374,27.3865710693455,0.7141569838114831,2.4242700654283085
ROI_03_6.png,6.268605408678812,20.75904686277743,0.510700522267015,2.591356159033934
ROI_03_7.png,5.601890673605856,23.02508291982091,0.6120913005776898,2.532022963499257
ROI_03_8.png,4.9718147277241895,24.785146720211017,0.6336903699282576,2.4671429296189618
ROI_03_9.png,6.214976908205278,21.161621557086264,0.6104130215875024,2.5377990086668736
ROI_04_0.png,6.013912391048696,21.7269302782084,0.5565137357130095,2.557371058505329
ROI_04_1.png,6.352702155944922,20.040501319121063,0.5418659767961413,2.544346401704462
ROI_04_2.png,6.581995120224059,19.219554233701437,0.5628545304412038,2.5498082848366512
ROI_04_3.png,5.0699852126027425,24.247194483676214,0.5875607267525547,2.5040985455474902
ROI_04_4.png,5.681134862593658,22.595384292780427,0.5784988697845526,2.5019512264699464
ROI_04_5.png,6.006973161961325,20.742054002263234,0.578399476225307,2.49557538477691
ROI_04_6.png,5.717290070087536,21.72032315095006,0.5800514317566655,2.541451140583295
ROI_04_7.png,5.99635319038432,21.573183327434336,0.5486871738983231,2.52276417271984
ROI_04_8.png,4.897285308120385,25.667692112485383,0.6398940604782908,2.4417514745352977
ROI_04_9.png,4.67782109841876,27.49828259650769,0.6267024512333282,2.4596728542063184
ROI_05_0.png,8.704332420695044,15.419234497049933,0.5388776277131793,2.5830344762871014
ROI_05_1.png,7.939662174212714,16.194474317874437,0.5670993719298306,2.574544653317999
ROI_05_2.png,9.100372781358235,14.875922253903251,0.5672507916801209,2.5684397893690396
ROI_05_3.png,7.466691317240084,16.211178170263825,0.6160974980143888,2.4905104167117083
ROI_05_4.png,7.045862596962357,18.644523693739455,0.5764094510159534,2.554478936683313
ROI_05_5.png,9.726904530683111,14.009400451104684,0.5673071436946123,2.5779967725198527
ROI_05_6.png,8.445987179409759,15.496294431039777,0.5604958523307144,2.5601224466751
ROI_05_7.png,6.392181420540652,19.879238714880557,0.6538413923850076,2.530030363160585
ROI_05_8.png,7.943139053600896,16.771730137490906,0.5539864380616958,2.6093164125945663
ROI_05_9.png,7.700864164069902,15.633523738168542,0.6088449948408939,2.4858275332143536
ROI_06_0.png,10.952855018997369,12.83710825016808,0.5905718480993841,2.567103214885645
ROI_06_1.png,8.16239560483161,16.284003600792563,0.641437621644897,2.5320628910611354
ROI_06_2.png,7.681737042380585,17.772886369633305,0.5615516489699441,2.586242803348863
ROI_06_3.png,7.16478432561605,18.65930675537076,0.649153021515468,2.5371214081797375
ROI_06_4.png,6.327019559609964,22.18161744461701,0.6281620647705413,2.5803720854749197
ROI_06_5.png,8.694650266361144,15.956459133700056,0.6023002563349624,2.589107738716946
ROI_06_6.png,8.437596886241357,15.380364252719936,0.5491019653384248,2.5696506820389424
ROI_06_7.png,7.23053707717352,18.90753760921957,0.5811835732679518,2.5996521851414713
ROI_06_8.png,6.742208716360428,19.95208779472,0.5783444072625384,2.580060760237511
ROI_06_9.png,7.272615081200552,18.625703037443603,0.559217958967448,2.592878958276771
ROI_07_0.png,6.554680570534345,19.385943111425348,0.659087248633055,2.4913522483511557
ROI_07_1.png,6.752262054704469,18.521959336425503,0.6226414394030901,2.480345266600268
ROI_07_2.png,6.145443270861667,20.241065677501393,0.6754945828402147,2.448523094287371
ROI_07_3.png,7.636381096266487,17.552869383492954,0.6413123112057898,2.557079948680977
ROI_07_4.png,6.943779571094029,18.2832997989507,0.6596078427185916,2.5060873078202572
ROI_07_5.png,7.068844496843743,17.80514386766218,0.6228079537001632,2.501078733309915
ROI_07_6.png,6.787859515528956,18.00375692933141,0.6466901164866873,2.490189496939645
ROI_07_7.png,6.495010856295521,18.21960812216927,0.6397674534332392,2.4485573894524677
ROI_07_8.png,8.348593443511438,15.336582356490805,0.6094050924642863,2.537837747482732
ROI_07_9.png,6.931641057551692,17.45530812380695,0.6440657329971471,2.4864007844594194
ROI_08_0.png,4.483785839401834,27.08441525447173,0.7101552725243814,2.457556567420844
ROI_08_1.png,5.27186329128641,24.273392425760914,0.630341966837179,2.518618596919453
ROI_08_2.png,5.295060582250489,24.971610374802708,0.6422332082786311,2.5033801328109737
ROI_08_3.png,4.36815074344505,28.133514888899313,0.6983895915240322,2.4742047496902586
ROI_08_4.png,4.3902763022978135,27.563922376440665,0.6913449927683482,2.4837961793598544
ROI_08_5.png,4.2234464144186035,30.01320215416764,0.6475433408919713,2.5098773923610214
ROI_08_6.png,4.88026978506395,26.566101803617563,0.6360454887805483,2.512477168223008
ROI_08_7.png,5.2671552812037215,24.560981628145786,0.6117911477927628,2.516615698153284
ROI_08_8.png,5.624597907398128,23.081971543758016,0.6203396412506264,2.5415006932821607
ROI_08_9.png,5.6382434652138524,22.032007785015796,0.6799028974510866,2.4785216637967604
ROI_09_0.png,8.029695076122009,15.974248395370035,0.619439187066863,2.5162056007938154
ROI_09_1.png,9.285520429239764,14.526384564662955,0.5960307315903495,2.5384244734973898
ROI_09_2.png,8.168293257953536,15.172554916444817,0.6252957537224489,2.5326196812624726
ROI_09_3.png,7.414186306421821,17.75077176066318,0.6601831276223331,2.4980763160944846
ROI_09_4.png,9.195069140167513,14.146020159089547,0.5890193303620895,2.5517936415400473
ROI_09_5.png,7.870244604231649,17.071423344376985,0.6381353142287142,2.5501604452226685
ROI_09_6.png,10.038299102902045,12.756872708205442,0.6372403022602066,2.4900730438707783
ROI_09_7.png,9.689856179857074,13.653595109568387,0.5689552072373103,2.560189760100633
ROI_09_8.png,8.724150320710423,15.103003031460107,0.6097212118433512,2.5324431548509634
ROI_09_9.png,9.166098422175729,13.345888966365901,0.6212315943005691,2.514669708829477
ROI_10_0.png,6.889532205694123,18.697560413917607,0.592278213118049,2.5199116120919864
ROI_10_1.png,7.233590019648389,18.036304348296678,0.5770837581105043,2.5815407875767087
ROI_10_2.png,6.1287134068225555,20.96530335431351,0.5884196036185434,2.5476949010398067
ROI_10_3.png,7.880990383909767,16.877224488854438,0.5621672008939018,2.589550755071614
ROI_10_4.png,7.160834790670775,17.856078941459383,0.6017969648150802,2.5134677369876477
ROI_10_5.png,7.041250703097204,18.292936895710024,0.5571276839520211,2.540439751906467
ROI_10_6.png,6.68242070281313,18.94782924759876,0.6161143768211982,2.5304809696471025
ROI_10_7.png,6.872613563137902,18.689321438769834,0.6017338621678949,2.5210122819744694
ROI_10_8.png,6.6721538622815295,19.35777484609131,0.5820195675692418,2.5348010883528285
ROI_10_9.png,6.365080715867905,20.115475960410546,0.5743983727683563,2.539863030350551
ROI_11_0.png,6.22957947183997,20.5162190945058,0.5893092051898094,2.5506165833375696
ROI_11_1.png,6.341512568396008,19.9997709667466,0.5932540417440181,2.527114733504841
ROI_11_2.png,5.830741798162009,20.314665899238598,0.5946246178420699,2.4937362517346453
ROI_11_3.png,6.340087161223926,20.662401064597073,0.5859654720243053,2.564694021117722
ROI_11_4.png,9.739309071809744,12.772857729256227,0.5639211480413229,2.587300195021444
ROI_11_5.png,8.088792212133814,16.104222209007304,0.5473058220960559,2.5679692170785775
ROI_11_6.png,7.738531948205819,15.391892244126169,0.5743807428486799,2.5050424536603977
ROI_11_7.png,7.220045093385455,17.30977701660225,0.5432079936288011,2.524191549196111
ROI_11_8.png,6.633693116723496,19.396729690154924,0.5700384091012548,2.5539661389372506
ROI_11_9.png,7.661703195524808,16.205148839563446,0.5234744917280735,2.5668402157239383
ROI_12_0.png,8.784655084711398,14.873889329097835,0.6036447289159976,2.53180361206764
ROI_12_1.png,8.34821007021927,15.666914485137681,0.632722927334004,2.5379840105246307
ROI_12_2.png,8.235495773289102,16.162072748630973,0.6254810255480432,2.5972512401147663
ROI_12_3.png,8.702155353717941,14.643322906421224,0.6089785484579385,2.5197282198631012
ROI_12_4.png,7.292287094662742,17.86723455777923,0.6408837982350609,2.568778340015751
ROI_12_5.png,7.9861285741745025,15.792122022382605,0.6164334278726505,2.5135524991908764
ROI_12_6.png,8.94633775019409,14.881257257311933,0.6252241844594619,2.547617352768065
ROI_12_7.png,7.425614972040586,18.64419720865352,0.5965022975510221,2.580470823532396
ROI_12_8.png,8.065732868660234,16.79027720971722,0.6313874727351705,2.5626392581623234
ROI_12_9.png,9.349753172067082,13.755587822957084,0.6012750763658166,2.5346017807000365
ROI_13_0.png,7.319529073158696,16.874809207012525,0.6327648971628184,2.5059159261132584
ROI_13_1.png,6.103854288360615,21.8823541709816,0.6110003973370179,2.569462021474238
ROI_13_2.png,7.382441736354256,17.37097250792414,0.5749236920853165,2.5248283434456225
ROI_13_3.png,6.827702105828799,19.38548948636341,0.5968404470843947,2.5625886260210344
ROI_13_4.png,6.752739936411868,20.28846569097975,0.5817945981179846,2.5884773265930288
ROI_13_5.png,7.27539298572068,18.46555256127739,0.5481749991010768,2.5755783832609533
ROI_13_6.png,7.7337652996984385,16.763981766158203,0.5461016318153179,2.5523567842279364
ROI_13_7.png,8.247890241433836,16.514721845218176,0.5427657671713068,2.60599138978147
ROI_13_8.png,7.211032750840284,17.95083933316323,0.5800241110853205,2.55074022103465
ROI_13_9.png,7.975529983407649,16.410312425711616,0.5341277723977754,2.5696399499439244
ROI_14_0.png,6.310291096204245,20.13615592962527,0.6857374870739552,2.5123057965327096
ROI_14_1.png,5.178862552781966,23.291488997691214,0.6580991666543018,2.488491361500954
ROI_14_2.png,5.815948959340737,21.27226732722299,0.6856618062451554,2.4694753291239655
ROI_14_3.png,4.784818162743164,26.45206908073116,0.6491766259777069,2.4880039642222176
ROI_14_4.png,6.04337018756319,20.93895155775094,0.6866400643485754,2.49866388144185
ROI_14_5.png,5.741122195800303,21.891485557579127,0.6400407512156954,2.5008453303484406
ROI_14_6.png,6.558119669209092,19.48857111929956,0.6505806081008702,2.510216174973809
ROI_14_7.png,6.516809181806131,19.31794769318474,0.6193355906500546,2.4988918265527635
ROI_14_8.png,6.999143569658641,17.897501815410113,0.6186577729705827,2.502137845092284
ROI_14_9.png,7.24396551431606,18.50385133444735,0.6058937809473287,2.5724961618682753
ROI_15_0.png,3.903511919981525,31.938153279747326,0.6403192588017025,2.493838660783486
ROI_15_1.png,3.39851320460149,34.6637769139944,0.6933246417752464,2.478904349459785
ROI_15_2.png,2.893271576813554,44.44730948657892,0.601562825579287,2.527278404432594
ROI_15_3.png,2.9988290156761765,39.67851315550557,0.7331200844250091,2.460450235065254
ROI_15_4.png,2.942062986430577,39.54211273071166,0.6186603808990314,2.431551895563257
ROI_15_5.png,5.186011773092205,24.99375534393413,0.5425882737701213,2.558016084792103
ROI_15_6.png,2.4484462280902832,49.94494813697629,0.6679051901741037,2.445124862175599
ROI_15_7.png,3.136593551228511,41.75392391918898,0.6034864474987979,2.5390056517245116
ROI_15_8.png,3.4354118619609544,39.226250848557285,0.5787985112630146,2.557364105383944
ROI_15_9.png,3.715637071016144,34.39466555750271,0.5674428325130545,2.5616212577368938
ROI_16_0.png,5.811213872105209,21.82398287868203,0.7005226290248426,2.4889790572536854
ROI_16_1.png,7.272046139693988,18.631059487345514,0.6410148651674872,2.506295778868026
ROI_16_2.png,6.689762543207714,18.924020006746858,0.6393191517709703,2.513202691410787
ROI_16_3.png,6.325181870161145,21.09303098893603,0.6435810216020307,2.534590152398579
ROI_16_4.png,5.456431239188864,23.76960962161108,0.6088114111586821,2.5190954699195287
ROI_16_5.png,5.876802240835926,21.603443573894438,0.6167640866756465,2.521040932013266
ROI_16_6.png,5.423918356581533,23.59052635208653,0.6011698129069214,2.5333121119354383
ROI_16_7.png,6.01568872912388,22.697360408385208,0.6163804846149971,2.5805026939465465
ROI_16_8.png,8.439597674683482,16.08997427570435,0.6068219178540314,2.566289377398705
ROI_16_9.png,5.035599282501426,23.949821290341816,0.6158690335689719,2.5200393693936336
ROI_17_0.png,5.1351497086887905,24.67456467055425,0.5266288582030134,2.5567804813816717
ROI_17_1.png,4.864245301333587,27.93604471918357,0.48964029457436503,2.628843930619823
ROI_17_2.png,5.011026760475042,26.460247897419006,0.4827904522223974,2.6137381045846397
ROI_17_3.png,5.419348885035945,25.532009799414798,0.46989305549152355,2.6425622955143093
ROI_17_4.png,5.437797282736498,25.660225796525435,0.5094473879859402,2.62456910083395
ROI_17_5.png,5.143846885528834,27.05843947053198,0.4771102736072872,2.6582174880591953
ROI_17_6.png,5.617424868686249,25.671111241645782,0.41715501759292417,2.707364761407131
ROI_17_7.png,5.779570108936659,22.839143366678442,0.5172224174876322,2.601817533350547
ROI_17_8.png,4.777684124402591,28.375895254791097,0.48848445366515114,2.619174950591592
ROI_17_9.png,5.643122608449741,23.906864878536368,0.48905854160266565,2.6351366428095115
ROI_18_0.png,4.971296935277184,28.191696071986268,0.46979408479973633,2.6341723978700933
ROI_18_1.png,4.03007384740078,32.50111847816874,0.5547194861463133,2.5828663632646474
ROI_18_2.png,4.641601566359115,30.301227509705676,0.5239902520637273,2.649435335262382
ROI_18_3.png,4.6360095016452005,30.349484688384415,0.5012610413111056,2.64679481677062
ROI_18_4.png,4.980362609768557,25.667215898442674,0.5766691781696726,2.5473594953191445
ROI_18_5.png,4.193421694523268,32.259610067404104,0.5063299856976575,2.619612964317406
ROI_18_6.png,4.8394018633870735,28.11110501146667,0.5356478688226213,2.6134120708691078
ROI_18_7.png,5.107637766385415,26.68860612772717,0.489101100669226,2.618424368926086
ROI_18_8.png,4.7105512374257685,29.52644110088231,0.5241470925896746,2.6330380593591567
ROI_18_9.png,4.571271223301546,30.542315954818974,0.49395543825647314,2.6332883349874128
ROI_19_0.png,3.2089737667524614,41.05381273254048,0.5935299895446882,2.5272597963059544
ROI_19_1.png,2.6217277076592027,47.60311785288952,0.6600076925146717,2.5114203203361742
ROI_19_2.png,2.7374839707357013,45.29272348302213,0.6526002484756837,2.5055146474827183
ROI_19_3.png,2.886987297889967,41.75104126131558,0.6126243498704257,2.4658638029394853
ROI_19_4.png,3.1775831000364336,41.26846910451199,0.5822486979991784,2.5046158480070186
ROI_19_5.png,3.2725845184852576,40.64222908296802,0.6054717552714994,2.5588379278664086
ROI_19_6.png,3.700507075992692,36.02278507394503,0.5572607605508744,2.542382927490685
ROI_19_7.png,3.612759647303876,36.70877612454578,0.5999681083653341,2.5696532934022147
ROI_19_8.png,3.557155547071021,36.82526526271883,0.5641072885176462,2.5904165812525433
ROI_19_9.png,3.291027418979355,38.13682056868899,0.639510607717354,2.507250322872621
ROI_20_0.png,4.335532260809675,31.015484728840246,0.47285433146345857,2.6193638914395683
ROI_20_1.png,4.642169226164671,27.9909054825229,0.5391603168999225,2.576155311109561
ROI_20_2.png,5.008152555650984,26.004915572653164,0.5119701074407301,2.5646263782257432
ROI_20_3.png,4.048401657657708,31.707700679533858,0.5564965273978686,2.5693891446113595
ROI_20_4.png,3.7767701413401413,34.132329213097485,0.5987931083981127,2.5707579870678074
ROI_20_5.png,3.9847420375363085,32.02614657238545,0.5401734188430323,2.5807060549028877
ROI_20_6.png,4.145182956134475,30.329921686675856,0.5375598802640454,2.5509821958121
ROI_20_7.png,4.533026271050498,28.55855260523092,0.5619273817950404,2.5761403506401823
ROI_20_8.png,4.391668923649835,29.750171467269926,0.5797126367380085,2.5962609458113115
ROI_20_9.png,3.999179436840143,31.068205091811887,0.5970139027797856,2.5237208115750485
ROI_21_0.png,4.155582303889331,32.83658335078793,0.5483827485614451,2.6204657215137144
ROI_21_1.png,4.260459108509125,33.31367953808254,0.43768702401185117,2.6940744996674195
ROI_21_2.png,4.300037140854042,31.455477121739868,0.4647705093196225,2.658480450402584
ROI_21_3.png,4.8013127903149995,27.94085814694764,0.4928137044516457,2.622884319114778
ROI_21_4.png,4.5764061258657565,29.16611656489719,0.48527537978523116,2.6031494390847323
ROI_21_5.png,4.774575509726654,29.830720148689963,0.44732393802092657,2.708129575987646
ROI_21_6.png,4.670928890944354,29.391400925503834,0.4994197635657255,2.612094864332093
ROI_21_7.png,4.790224993385023,29.89808035143334,0.45336943097972754,2.682167007650293
ROI_21_8.png,4.602937252722821,29.89380167855514,0.48259575696245327,2.649987231065384
ROI_21_9.png,4.28053745239076,32.25671464702681,0.4703118006995296,2.637183991639552
ROI_22_0.png,3.374545760723025,36.37481923027084,0.6342902987089452,2.501946743956409
ROI_22_1.png,3.513876273119888,35.51421103971021,0.6390375246422084,2.5159342494807913
ROI_22_2.png,3.4290392425002834,35.992612179324794,0.641946616662735,2.5027637815319883
ROI_22_3.png,4.338191732403054,30.63463312363371,0.6376806534604117,2.5339134119376383
ROI_22_4.png,4.254112704538916,30.331657236739034,0.6174112132518506,2.533339147148439
ROI_22_5.png,4.087840251958432,30.5573484322491,0.6042473174062994,2.4907852458429076
ROI_22_6.png,4.6547358578048454,28.32322069419132,0.6144450272278579,2.5274436626530568
ROI_22_7.png,5.254819691406122,26.291862376767437,0.6421718019661545,2.5876500362934647
ROI_22_8.png,4.064698168298183,31.587852507315333,0.6724584491895167,2.4899589413331795
ROI_22_9.png,3.9859716313956404,30.460996864875575,0.6861838207663115,2.4751080439569964
ROI_23_0.png,2.986176206188142,42.8823277460752,0.616181558260183,2.5370260257402966
ROI_23_1.png,3.4800076200264636,36.75382724781646,0.599016582300919,2.5455315501613107
ROI_23_2.png,3.2586516107657495,39.159480622124605,0.5908150827910151,2.5440485984526346
ROI_23_3.png,2.9448771945969385,41.944176973346245,0.6052072702746034,2.4893720775596933
ROI_23_4.png,3.2482172637611635,40.092441071600476,0.5788059016316047,2.5498379913254783
ROI_23_5.png,3.2139787067938546,41.863656913069775,0.5735951530536724,2.5933098924244176
ROI_23_6.png,3.284386253925475,40.66121205985821,0.5973585740558028,2.5666431094977997
ROI_23_7.png,3.4156749277342917,37.936706625412256,0.5787786064647249,2.5559980924867203
ROI_23_8.png,3.5525845660935267,37.44303662329732,0.5932384655541593,2.5627036022660232
ROI_23_9.png,3.0542429239126934,43.13655860884756,0.5925252099129176,2.5611364156816636
ROI_24_0.png,5.51697608338593,23.18493954515987,0.5717045947964019,2.5166506695075292
ROI_24_1.png,5.817777769442172,23.262266849662584,0.5865991775470456,2.5569831341863254
ROI_24_2.png,5.3427126087976164,25.20553954958891,0.5789433634495211,2.575977375449661
ROI_24_3.png,4.841784711592168,26.559183649645682,0.5975426570417304,2.5462197767502834
ROI_24_4.png,4.659289991424199,27.03233814353773,0.6249764603463458,2.5067728004821563
ROI_24_5.png,4.645806269180775,26.566114712378035,0.6194863436670985,2.503866875972679
ROI_24_6.png,4.639268155641015,25.89458564915845,0.6515025944988713,2.4738374049825986
ROI_24_7.png,4.6480839925389414,26.664379770399208,0.631780753554025,2.4910064783121593
ROI_24_8.png,5.134828017115214,22.976782089473385,0.6648777587771633,2.4527535272805947
ROI_24_9.png,5.05537481727436,24.667166665571347,0.6452544523063429,2.473646235415882
ROI_25_0.png,3.409169308258348,37.55728885463022,0.594687648907063,2.532387419258215
ROI_25_1.png,3.9468553287621955,32.37039382876633,0.5700224803216211,2.546303411191905
ROI_25_2.png,3.4565671640512887,36.91217245579869,0.5917501559812969,2.523982278898062
ROI_25_3.png,3.6633874387439547,37.153089014503436,0.6044898376319028,2.5638840723993916
ROI_25_4.png,3.6054575248723,36.18371415291773,0.5646743877376408,2.559523557361818
ROI_25_5.png,3.8315640742640573,35.35628337999349,0.5441655121173157,2.560106450587599
ROI_25_6.png,3.5948932154490185,35.53180492569551,0.5843523598380969,2.514540309982998
ROI_25_7.png,3.5676129966253716,35.46823699851563,0.6076569516674162,2.509922506968136
ROI_25_8.png,3.665312478579258,38.90288171034879,0.5633623785438518,2.5819505099003623
ROI_25_9.png,3.821172709166713,37.038304872479905,0.5180571192869761,2.5996276169035846
ROI_26_0.png,6.605766960994192,19.989251594451716,0.5417030726135644,2.5798100511386757
ROI_26_1.png,6.026110604625981,20.982481401615857,0.5535417262366387,2.5703505245626066
ROI_26_2.png,5.253875019399082,24.85256348581728,0.5598837235733547,2.5610291066775646
ROI_26_3.png,6.384068849975072,20.670724602082817,0.5280349100197002,2.577659321637339
ROI_26_4.png,5.181475858221241,24.525886455090575,0.5410692811289758,2.566024175128775
ROI_26_5.png,5.662463330545874,23.378713639136198,0.5444563230637566,2.5630883830417024
ROI_26_6.png,4.927043685048024,26.786617530005625,0.5351243041607466,2.5766188363124543
ROI_26_7.png,7.01109677032835,19.243275316711447,0.4908608297737746,2.611980075724709
ROI_26_8.png,5.667470577860926,22.737671707491085,0.515491238826519,2.5802402484785425
ROI_26_9.png,6.137279670991522,21.13235610675655,0.517622806811751,2.5772754514334357
ROI_27_0.png,5.953967772227559,23.12717091832633,0.5547125160823464,2.5935066571320426
ROI_27_1.png,4.747156622165876,27.473864801107677,0.6170250232990783,2.556614769594583
ROI_27_2.png,4.679141493387089,27.794108955880947,0.6259781475590188,2.5414279110805325
ROI_27_3.png,4.82409878331532,27.741911589365596,0.6064147976787183,2.5645724167974513
ROI_27_4.png,4.107337382678501,32.52327246770568,0.5945362581093961,2.542856870134412
ROI_27_5.png,3.8724555269058416,34.9063807688701,0.5776154990097148,2.593625843537216
ROI_27_6.png,3.6322055725631905,35.33903255922864,0.6039166304204902,2.5179659447099514
ROI_27_7.png,3.8484964191480975,34.29884064121943,0.5738146558054514,2.5662205813144214
ROI_27_8.png,3.548957948053788,36.3633669940186,0.6101310084843028,2.528938020554752
ROI_27_9.png,3.825671984271519,33.560483026441354,0.6017961263990399,2.5302224929955983
ROI_28_0.png,5.253231703715275,23.20488760455342,0.5713335134891596,2.518050704916907
ROI_28_1.png,5.54963026135851,23.201641365677826,0.5955229796285002,2.5208029125036617
ROI_28_2.png,5.4058314120560125,22.27965901797602,0.5841228109455321,2.499665583217497
ROI_28_3.png,5.898705999855773,22.88517396780595,0.5663358737143072,2.5589285385845724
ROI_28_4.png,5.906827872718402,20.480696905091023,0.5904286811006632,2.4690076524711078
ROI_28_5.png,4.871713120194668,24.769271362736486,0.6206378949922485,2.495621765880885
ROI_28_6.png,5.580041323048384,22.98321346367801,0.6434973599163533,2.5046325016131585
ROI_28_7.png,5.127480069073906,24.336900675104864,0.5963805040865235,2.512575898157191
ROI_28_8.png,5.1771057218724446,24.43821469437896,0.6241119932889174,2.5461931741185735
ROI_28_9.png,5.3334315763558875,24.192451123398488,0.5832727470696532,2.5384502805630023
ROI_29_0.png,4.054939900731977,32.28525201311677,0.5323946289076538,2.5774798746358556
ROI_29_1.png,3.6445554608119966,33.345207688052525,0.5396579352474371,2.5093348422705333
ROI_29_2.png,3.8763714793493187,36.22860616642468,0.46689637207943296,2.6558396172991086
ROI_29_3.png,4.6744518826488735,27.965128336917296,0.5149328701140157,2.5843421641122717
ROI_29_4.png,4.100962767020983,32.52155219304385,0.4613417952841487,2.610827479505963
ROI_29_5.png,3.9832117410117114,32.0260215181623,0.5201178235828747,2.5778937545723584
ROI_29_6.png,4.117092138108643,31.261015695155667,0.5243015895981614,2.5720311951160286
ROI_29_7.png,4.430406154887571,29.930936163831344,0.5000556229187054,2.619381065521368
ROI_29_8.png,4.521964114927745,30.67077283171153,0.43439559959316465,2.650467712560579
ROI_29_9.png,4.282776170122002,31.642358162753,0.47717273447015934,2.6103749486512733
ROI_30_0.png,3.5347525076401167,36.33992323294219,0.5783077663173781,2.544472171890973
ROI_30_1.png,4.481968476842738,28.82390942017059,0.5465267608548928,2.5410439740123754
ROI_30_2.png,4.3647416097466145,30.583389599270326,0.5184350559934323,2.584613143826579
ROI_30_3.png,3.9776551028781437,34.06504977404512,0.57119194327438,2.575015311261425
ROI_30_4.png,3.7912602687276635,35.485020838371604,0.5309569141083355,2.586955339116337
ROI_30_5.png,4.293521212606132,32.18930044440446,0.4871627440498231,2.6154492373866236
ROI_30_6.png,4.3441527603763905,31.470147352804236,0.4951358974514951,2.60128992028455
ROI_30_7.png,4.3391285543129,31.242900036089782,0.573491213133609,2.5759867395310367
ROI_30_8.png,3.9149311029952063,32.750814695480706,0.5544435554210216,2.552073896609097
ROI_30_9.png,3.7235204848253165,37.95057256827421,0.5291421185855817,2.621766104340657
ROI_31_0.png,4.62750253926056,29.219927435194773,0.4999114319344077,2.605780281360333
ROI_31_1.png,4.408088884217563,30.60968389878118,0.5224570375430972,2.619981042920956
ROI_31_2.png,3.873181348058387,34.16650499667806,0.5896784468703754,2.5635116721947737
ROI_31_3.png,4.330580823443752,31.109813527991836,0.5707225834538693,2.5979505130630027
ROI_31_4.png,3.7044473112307754,34.59742121846173,0.595107828932541,2.568792372249517
ROI_31_5.png,3.892349540907184,32.2483158501567,0.5883171041125154,2.5448410539984208
ROI_31_6.png,3.8858033183236174,33.57270569533042,0.5926588452683245,2.574157265389198
ROI_31_7.png,3.967700074800144,33.057177275589446,0.5781956944289847,2.5766786060000344
ROI_31_8.png,3.7368476338854344,35.17686618446934,0.6047146755531506,2.5785153851663836
ROI_31_9.png,3.735031472622357,36.15919468650055,0.5460158174348302,2.595649340076613
ROI_32_0.png,5.169025759002418,26.30814203345794,0.5275401058901229,2.6181763755003353
ROI_32_1.png,5.07694060576978,28.245924149168218,0.4853889436241558,2.6464294115887053
ROI_32_2.png,5.02138357455564,27.115935471529998,0.4912196007791508,2.637734925567151
ROI_32_3.png,4.499818286821954,30.83185562977914,0.46549777492511707,2.6391863255649026
ROI_32_4.png,5.068550525119745,26.244998030381645,0.5371260208276889,2.57095839371996
ROI_32_5.png,5.129347841662259,27.06605359308343,0.4834013959468725,2.6431922806961725
ROI_32_6.png,4.4355651779327685,30.933810736448628,0.46743882116275487,2.6405568485878574
ROI_32_7.png,5.421126428164589,25.296087134168236,0.5316749113446703,2.6593568575971243
ROI_32_8.png,4.524647005715692,30.025882508585173,0.5523831355059834,2.5947050281822603
ROI_32_9.png,4.698138584349824,28.683161705643588,0.47848175926106185,2.630227227756005
ROI_33_0.png,3.582221908010378,36.677848222933555,0.5047436060512636,2.605940197208585
ROI_33_1.png,3.6331945174725564,36.08570466986441,0.49500518532272986,2.6304341082502436
ROI_33_2.png,3.5112425382710315,37.30450118079627,0.5218022066926119,2.5939328559604906
ROI_33_3.png,3.4328557517264517,37.9903092241186,0.48030378203030105,2.617636384367081
ROI_33_4.png,3.8139652805185627,34.353675488895156,0.49111815099747697,2.606117526104942
ROI_33_5.png,3.6529233255177225,36.44760365334504,0.5116872602158452,2.61826226714313
ROI_33_6.png,4.03280364689255,31.722467389719057,0.5173971614624749,2.6047270063128796
ROI_33_7.png,3.7861926413033733,34.88970857786356,0.504038813137205,2.6309961403507467
ROI_33_8.png,3.607508566050941,34.11236741449065,0.5942984414210966,2.5118367868563567
ROI_33_9.png,3.963537526989742,31.67735091579667,0.6025976923997057,2.5389837268877424
ROI_34_0.png,6.337157480497323,21.648788015400847,0.5979760942266512,2.5777086704864587
ROI_34_1.png,4.586903043643634,29.778330564244456,0.6114480543453197,2.5925134713228974
ROI_34_2.png,4.382807890953021,29.740613489485092,0.6038660539830425,2.5579631349019554
ROI_34_3.png,5.677453763405048,21.60907418210328,0.6274358714252322,2.4942855603198257
ROI_34_4.png,5.944141151270963,21.46612751777659,0.6231445960576492,2.523438809860369
ROI_34_5.png,5.538374809345732,23.996614803881304,0.6225700129927353,2.56930246952134
ROI_34_6.png,6.502257463841781,20.97168289482542,0.574600986558711,2.5695815080897595
ROI_34_7.png,4.815751160107985,27.406407728801227,0.6262059813820945,2.556304338654706
ROI_34_8.png,5.129806179046288,26.167782509525036,0.5223037632210864,2.6048314445267087
ROI_34_9.png,4.81062121011889,28.260619250666092,0.5506905242771233,2.6140454317253545
ROI_35_0.png,3.6815013065380797,34.06469598630852,0.5997097785748279,2.5265936611672046
ROI_35_1.png,4.058280566884834,32.02083688333262,0.6230522997266494,2.5219004832923244
ROI_35_2.png,3.141594713401483,37.52629883237138,0.6915336301907513,2.4502897218718536
ROI_35_3.png,4.621098527405624,27.615965651900158,0.630923374226519,2.5061912494535665
ROI_35_4.png,3.957496091515748,31.741720055521384,0.6701039633765576,2.467789834341968
ROI_35_5.png,3.6099490860637298,32.8773589709121,0.5887236576948822,2.4607568571108045
ROI_35_6.png,3.6794239182477293,35.35283783869506,0.6761036220113936,2.5385590982867563
ROI_35_7.png,3.919138106004444,31.969691349792225,0.5800405053341006,2.529384209475548
ROI_35_8.png,3.798281292236442,35.912625040119146,0.6420270607515258,2.5776226410064647
ROI_35_9.png,4.6614085294783285,27.74395383374234,0.6114876303671567,2.527730504098374
ROI_36_0.png,3.0109644256933192,43.02086956930232,0.5981398008565397,2.4891056704927137
ROI_36_1.png,2.773820415081206,47.296106739540505,0.5889902607177292,2.545042613894997
ROI_36_2.png,3.6977995937338495,37.009243208858194,0.6251820332436179,2.555478022354732
ROI_36_3.png,2.706802753459432,43.550615204105725,0.5722463955611135,2.478592913362518
ROI_36_4.png,3.51903243523588,37.4087203132795,0.5835346137823356,2.579913556080614
ROI_36_5.png,3.8999210291509163,36.29486216257548,0.5464020422047089,2.5584939596458796
ROI_36_6.png,3.3184897920140735,39.92458873446669,0.5741710387258131,2.591647871815982
ROI_36_7.png,2.9686610312087596,44.03799877465843,0.5718609626551706,2.546851797309922
ROI_36_8.png,3.8376899962074336,33.62139675289996,0.5879559563595802,2.5434165140446807
ROI_36_9.png,3.0047774266403646,42.31322545728302,0.6022644483017178,2.541054508358722
ROI_37_0.png,3.951870068474416,33.0814442957399,0.5265596929871326,2.585269282338902
ROI_37_1.png,3.6012615225500624,35.919634124226036,0.6194857534109801,2.567918116969859
ROI_37_2.png,3.404981635629585,36.48471435733372,0.6523856049763342,2.5071231179558957
ROI_37_3.png,3.911412447618994,33.54798684160986,0.5519466693600464,2.564675583112048
ROI_37_4.png,3.7432265583174194,33.6323351153993,0.5976031449808774,2.5048082212321683
ROI_37_5.png,3.7301315326677784,32.71187924738882,0.6581699569004977,2.4746605740129493
ROI_37_6.png,4.216960460847356,30.347038640733935,0.6537741589883659,2.511585616783445
ROI_37_7.png,3.8781229495355674,33.078559348547024,0.6136240468796046,2.5222148861479066
ROI_37_8.png,3.8976319494550213,32.272656737831355,0.6461197658590044,2.5065745213820203
ROI_37_9.png,3.297191343202576,36.86549327428376,0.6861562314062734,2.477046130315862
ROI_38_0.png,5.282008347938307,25.502228983513813,0.47005246932391453,2.615883666798209
ROI_38_1.png,3.730859696038064,33.71084616742699,0.549335836716672,2.543915293833602
ROI_38_2.png,3.874126752581389,32.876020827403316,0.5415616676112023,2.572131901413253
ROI_38_3.png,3.788695230774308,34.71212869166739,0.5507188790490519,2.585487625302777
ROI_38_4.png,3.444040763196208,35.33478985495273,0.5859862109004348,2.4984586812408662
ROI_38_5.png,3.554788723182142,36.86343905999284,0.5609647842810627,2.567713569059161
ROI_38_6.png,4.0909281438855,31.702115512437697,0.5354415593219971,2.5654085727235953
ROI_38_7.png,4.084535245708899,32.205730742999364,0.540813954321694,2.5909367004264263
ROI_38_8.png,4.614311885727061,29.808370840641917,0.5476631562814385,2.6442266961340293
ROI_38_9.png,4.233900779002628,31.487712579732133,0.5698334406941907,2.63326230036941
ROI_39_0.png,3.5848184937202574,36.14765448476771,0.5069452024113329,2.597336006628983
ROI_39_1.png,3.2766731226340164,41.332894488102916,0.48908170939669593,2.610335713833111
ROI_39_2.png,3.2988284737936455,40.345266696077026,0.5055248113091324,2.590751002241449
ROI_39_3.png,3.5841381521244275,37.0723604702582,0.49575537849212425,2.5863282637810587
ROI_39_4.png,3.6304844828924017,37.40003103185367,0.4984552918078275,2.6004643616083443
ROI_39_5.png,3.943045020329173,35.2343220666883,0.46539402832838594,2.6504723249037574
ROI_39_6.png,3.3889977671784384,39.335940449572604,0.4822812802494208,2.600034495206279
ROI_39_7.png,3.5021242901201486,39.17121472837037,0.5016421545884583,2.6237629113201404
ROI_39_8.png,3.677898589250177,37.946686728957815,0.4856293414796015,2.6598717134886183
ROI_39_9.png,3.3521501066420636,40.55726029854298,0.507065440006087,2.614182922089531
ROI_40_0.png,3.928139934684148,30.33451070451837,0.6397126678955043,2.4806291958318596
ROI_40_1.png,4.19453844753554,30.647789284812163,0.6940095299185384,2.5305309439049215
ROI_40_2.png,4.590488918343156,27.637525557293316,0.6676753194432262,2.490461510154345
ROI_40_3.png,5.36519055903128,23.195893089127523,0.6806434191052809,2.506403244488225
ROI_40_4.png,5.132150479250452,24.651349972315387,0.6873189800604818,2.501003997212093
ROI_40_5.png,5.903550602816784,21.475069741897492,0.6333707661345925,2.520878430726311
ROI_40_6.png,5.223882314565727,24.854284333600308,0.6345355348976438,2.533026022023684
ROI_40_7.png,4.54172383234069,28.32667210834492,0.6943948527100915,2.4870739332661413
ROI_40_8.png,4.981116911731836,26.432876640088107,0.530022395087524,2.5720404160630097
ROI_40_9.png,3.9155541327760455,30.63904778652787,0.6858233945843982,2.4761760225451828
ROI_41_0.png,3.699812857799092,34.21020762723447,0.5798069682928174,2.550196136559927
ROI_41_1.png,4.4206984837441246,29.511883685383623,0.514717239198512,2.585895707387317
ROI_41_2.png,3.9199456026141495,32.384446892739994,0.5922945466487427,2.513561250679455
ROI_41_3.png,4.004649926441575,32.5606298451398,0.581789534798198,2.537178465593783
ROI_41_4.png,3.9710360483413747,31.44837973393028,0.5317749294323411,2.593500837836729
ROI_41_5.png,4.1514639013323045,31.521968985274423,0.6280156551901451,2.511654167365871
ROI_41_6.png,3.759567141362949,34.301295174906635,0.5760043723907341,2.5061301073131403
ROI_41_7.png,4.451562227906515,29.588073536984822,0.5268154224410482,2.5893496997107572
ROI_41_8.png,4.757397625295145,26.87597985489805,0.6167022627556518,2.512672020956139
ROI_41_9.png,3.802872074031781,34.51082313681096,0.5826398201290782,2.558643671279586
ROI_42_0.png,3.39639034504902,39.496915320210455,0.5886593915440632,2.5660547721725053
ROI_42_1.png,3.43121540013008,39.067515560819146,0.5634731518723398,2.592776707037157
ROI_42_2.png,4.350370886751715,31.62445862777578,0.5685882203971216,2.6146518383405906
ROI_42_3.png,4.301060805586662,32.48226954212242,0.607499755320868,2.5969780764603163
ROI_42_4.png,3.544075232600757,37.50066790181877,0.648498993465073,2.559675865503117
ROI_42_5.png,3.157659111130362,42.567006635302285,0.5383385429189962,2.586030223776674
ROI_42_6.png,4.272705972762237,31.458784223810845,0.5352584495499488,2.5934313226117895
ROI_42_7.png,4.012814141531384,32.8727460204192,0.5917120849648227,2.5260374497517555
ROI_42_8.png,3.9799838460529555,33.2215158625574,0.5369320382290768,2.538104574410175
ROI_42_9.png,3.5490468674724083,37.19580191091729,0.5806397398527643,2.556276049316034
ROI_43_0.png,5.226770828679541,24.61976868279069,0.5877349940288875,2.553508528564992
ROI_43_1.png,5.9406352438415055,21.58758688472125,0.5478516508853966,2.532062076380583
ROI_43_2.png,4.973411686724148,25.887893494651838,0.5694972741015499,2.5332907038599504
ROI_43_3.png,5.39663284381323,23.435760321482487,0.570696429594011,2.513761392611072
ROI_43_4.png,5.348707682457363,24.93050894602944,0.6126431936315601,2.5403300554363852
ROI_43_5.png,4.9150203632320455,24.910055719635,0.5937306580709384,2.533186059824624
ROI_43_6.png,5.146564679103245,25.806869018463964,0.6338178385066621,2.5593120945646035
ROI_43_7.png,4.874434139784308,26.03108821006069,0.5935392484497317,2.5153232620885846
ROI_43_8.png,4.157247010286192,29.99414094591936,0.5925787949839895,2.508104483485668
ROI_43_9.png,5.077463053907785,25.41397644806114,0.581915244569101,2.5416218675018887
ROI_44_0.png,5.086622300747191,25.0422482523208,0.6272501647336053,2.5120112550087264
ROI_44_1.png,4.713031939901187,26.37365475058393,0.6670953629752336,2.4990733857501506
ROI_44_2.png,5.357161147765917,24.316404482261238,0.6194006279808103,2.5055291766853665
ROI_44_3.png,4.557852508845196,28.916901525017582,0.5997409681716501,2.5543901069783876
ROI_44_4.png,4.9176132913399755,25.31691158395344,0.6252596538173333,2.4858695305684364
ROI_44_5.png,4.537122907075716,27.667850388678833,0.6172252658554376,2.515853335844712
ROI_44_6.png,5.422503357624793,25.308423774170148,0.5524282942912869,2.6212158164584065
ROI_44_7.png,4.210305002752931,29.6188488985056,0.6121618513337115,2.5398156449544627
ROI_44_8.png,4.5568697980014035,27.71168017827427,0.6047699038955661,2.552934691513994
ROI_44_9.png,5.318940959257804,25.832674793904765,0.5561920691666902,2.6079767011790804
ROI_45_0.png,3.8324048527404972,33.575683151920614,0.5966850131163571,2.556453190053147
ROI_45_1.png,3.935694881222679,31.26519501242871,0.5324540247584539,2.558283788007093
ROI_45_2.png,3.8464257622576064,32.82888693157861,0.549316939125954,2.5693051529217703
ROI_45_3.png,3.710918824467582,34.3032593180769,0.5396202691179702,2.548339354369828
ROI_45_4.png,3.6758711925642733,34.06019745618716,0.5753785300970397,2.5563906819902047
ROI_45_5.png,3.4473564265031977,34.50059072446523,0.6213835924701581,2.4805607291770904
ROI_45_6.png,3.674887858142711,33.49937408197338,0.5210493377476173,2.5574311375002368
ROI_45_7.png,3.2270350678698767,37.51786823631967,0.5586730745144621,2.5392007884430474
ROI_45_8.png,3.7066674092764194,36.09330282637381,0.5828528264798443,2.5818444327290515
ROI_45_9.png,3.6987354921998694,34.23565717812622,0.6141279520240691,2.5069136880724963
ROI_46_0.png,4.398133360808547,27.462107576399212,0.6028299410814821,2.506791318573755
ROI_46_1.png,5.727754178827181,22.51531257636728,0.5900412981265359,2.53472561320022
ROI_46_2.png,5.041427115270335,25.229093863052153,0.6278279797576225,2.5306248773158377
ROI_46_3.png,6.069105098015781,22.508814438242762,0.5495535885586437,2.612682890785764
ROI_46_4.png,6.27035733820724,21.119376108851352,0.5251614317296767,2.5926424033753666
ROI_46_5.png,5.230399495277561,24.66498238525744,0.5814988551992861,2.54563492475285
ROI_46_6.png,4.956562853286249,26.215934663038656,0.5959352266560429,2.502265554141766
ROI_46_7.png,4.943304695784235,28.194723545764113,0.6523339805888256,2.5748173384461954
ROI_46_8.png,4.984923954438858,27.78265257049146,0.6728808500268362,2.574075006280267
ROI_46_9.png,4.785063155617035,26.093471752099248,0.6699192545430842,2.4882880015647495
ROI_47_0.png,7.474864594332125,18.78361315255571,0.5707885290476752,2.5960415545100544
ROI_47_1.png,5.839289895017589,22.79489935932776,0.5662241792272648,2.600793197988906
ROI_47_2.png,5.163953580906638,23.70736578854313,0.6272527157274137,2.533203610565018
ROI_47_3.png,5.655447735429632,21.590754729520675,0.6366599252515646,2.500819832174043
ROI_47_4.png,5.45702878643652,24.354715968130296,0.616925241142611,2.5376313491981004
ROI_47_5.png,5.332063332454752,24.903356213483942,0.6066545343240721,2.5632457145371825
ROI_47_6.png,6.134343676461961,20.842361947205283,0.604513345514873,2.518272843414846
ROI_47_7.png,5.640300275273846,23.316667013349164,0.5567589426534139,2.5906558267880784
ROI_47_8.png,5.323227592285982,24.25021843733123,0.6271628293498113,2.5184845336344477
ROI_47_9.png,5.871582407629321,21.787842871697134,0.6518990429762617,2.5177963865117925
ROI_48_0.png,5.302481313957909,23.73958201532198,0.6147284410374234,2.5286028921969796
ROI_48_1.png,5.825699843012504,22.39237055042036,0.6027581654665415,2.5219046279578174
ROI_48_2.png,6.007650608716664,21.253678889856353,0.5931326571874429,2.492561902063046
ROI_48_3.png,5.106559916317667,25.23216469149281,0.5704005149764503,2.5553913501166865
ROI_48_4.png,6.121067834094515,20.665536489360786,0.5939529737039154,2.5165191142441885
ROI_48_5.png,6.432715904900195,20.945489988358826,0.5965087457534826,2.5507043855550933
ROI_48_6.png,4.733728462682379,25.828488954287813,0.6181083347367747,2.481500308505419
ROI_48_7.png,5.463293843516749,23.74318388736337,0.6343350946005986,2.5505760084337727
ROI_48_8.png,4.895256479267803,26.59121591917821,0.6055951426558176,2.571979276673389
ROI_48_9.png,5.30596657756142,23.968202795535035,0.6017717677105358,2.5640756385036076
ROI_49_0.png,2.8827766183685846,45.797198625248235,0.5728075865663591,2.568585479358117
ROI_49_1.png,3.1019882035884736,44.26130283520143,0.48542282987826657,2.598265624451502
ROI_49_2.png,3.3358475278660293,39.435679466832795,0.5325400964257577,2.5697552165394804
ROI_49_3.png,3.8671021086967747,34.404019559150015,0.5233131673155392,2.5861912712067077
ROI_49_4.png,4.028236247430125,32.966564662632,0.5712805708092225,2.5900048122880355
ROI_49_5.png,3.099651284170555,44.56709817193599,0.5049578094566761,2.6182979996018325
ROI_49_6.png,3.207103053244127,41.96956131547626,0.5354366992582482,2.598440701432681
ROI_49_7.png,2.995278191646184,45.17582032800784,0.5113655299262911,2.5843636491548243
ROI_49_8.png,3.6027959487769423,35.913857543143955,0.5147662916607563,2.579755836650523
ROI_49_9.png,3.281190211302069,40.09552728240503,0.5911966851818229,2.585330518950402
ROI_50_0.png,4.384995099015443,29.536465636111114,0.6171249649655961,2.5691961875176546
ROI_50_1.png,5.122020802103015,25.801404003652024,0.6356996580303187,2.5575590434994617
ROI_50_2.png,4.3620288034482115,28.34316148662716,0.603724684893091,2.5079533656289676
ROI_50_3.png,5.006397789045139,25.284803857148155,0.5431330906531426,2.5433039691578636
ROI_50_4.png,4.554264851447334,27.58336241697414,0.5946342832620488,2.5301286526592173
ROI_50_5.png,4.643543011287595,28.04424134932344,0.5874248887986935,2.5505145225302446
ROI_50_6.png,4.6388288459747935,28.981623053561616,0.5839166877704355,2.5938894707654128
ROI_50_7.png,4.194421103674349,30.364086248166057,0.5598631929173463,2.5674542989715703
ROI_50_8.png,4.382145977071007,30.628790302825575,0.5847974651619097,2.6073107289927004
ROI_50_9.png,5.249363616461835,25.245064301857862,0.5935214998575716,2.5833261933090976
ROI_51_0.png,3.621546503423324,35.45254588875277,0.626923225282264,2.534328809093313
ROI_51_1.png,4.8127621485122125,26.87770147841308,0.6321038034887292,2.5308245131768285
ROI_51_2.png,4.361569039281548,29.17757165753668,0.6324397308298579,2.5038379997357754
ROI_51_3.png,4.358731146196264,29.084853341654412,0.6764391641209864,2.47853774871922
ROI_51_4.png,4.312766172797383,30.364277844181114,0.6788244239041102,2.522922284478307
ROI_51_5.png,4.469317085137777,27.096849835673684,0.653687043852684,2.4730514688509895
ROI_51_6.png,3.8829092473512246,31.774324638790116,0.6527467007759044,2.4656464296408456
ROI_51_7.png,4.153781802755329,29.74552812220125,0.6545108468819376,2.5011586638722245
ROI_51_8.png,4.787240554216566,27.865025678880254,0.6574210132498464,2.5081448286300936
ROI_51_9.png,4.941541468543192,26.455327114693628,0.639385128545598,2.5079447325533297
ROI_52_0.png,4.93407258034713,26.75772042956413,0.5086159727852707,2.629673684613488
ROI_52_1.png,4.161794991605101,32.89026858789172,0.49282252304685453,2.642562266454667
ROI_52_2.png,4.369215331058935,30.681744002744868,0.47055050730382414,2.6182152339604805
ROI_52_3.png,4.16812088204478,31.784426682597974,0.4593572305644032,2.6121540851051432
ROI_52_4.png,4.268494504235288,30.806653852937945,0.509631286120589,2.6035194699369675
ROI_52_5.png,4.038906091207075,33.33144431743254,0.4935874227704781,2.630139734117706
ROI_52_6.png,4.617132271984901,30.08775134032494,0.5285150642893724,2.629279234019392
ROI_52_7.png,4.645437308471747,28.85798441932887,0.5083578848534067,2.6049709079669165
ROI_52_8.png,4.933152110649725,26.8540662287087,0.478952121646322,2.614621940028571
ROI_52_9.png,4.754425476875071,27.87515735226057,0.4784596497390878,2.6081172310306213
ROI_53_0.png,7.451065603224582,17.583195763871398,0.6089176148995352,2.533811136175822
ROI_53_1.png,6.793438844822603,18.853504568878133,0.6293262535067031,2.49386415197163
ROI_53_2.png,6.2523545341067805,21.59332939561695,0.6239489938282602,2.547648988917918
ROI_53_3.png,7.039331614312074,18.47496134098928,0.6703805037742758,2.499835770092104
ROI_53_4.png,6.649441088903121,20.354992391684405,0.6248694941247114,2.585411802827117
ROI_53_5.png,5.856135965162723,22.2391420375326,0.5845706722067766,2.5739372998558028
ROI_53_6.png,7.530510595553814,18.620044448432736,0.6169002149404766,2.56257653196036
ROI_53_7.png,7.431227469804366,17.82391568678339,0.6270624732746327,2.516903576911359
ROI_53_8.png,7.933078086691338,15.982201084916762,0.7069168373527922,2.4542060954789973
ROI_53_9.png,10.869778987185345,12.828202590271209,0.6954736521844106,2.5344512685631244
ROI_54_0.png,4.255210378277793,29.929471196961156,0.6084193306656269,2.515626921193726
ROI_54_1.png,4.982685786377027,25.469789849610915,0.5831943794570328,2.548153946915565
ROI_54_2.png,4.70369090552052,29.268747624344133,0.5342350513395951,2.610463482138293
ROI_54_3.png,4.904011384162606,25.455087286117802,0.6189660995956198,2.4957877132128345
ROI_54_4.png,4.4721294686048845,29.549413986423065,0.5430264531088264,2.590436311803622
ROI_54_5.png,4.515519761665712,30.046428163511674,0.5632011108854318,2.615608503360652
ROI_54_6.png,4.1953445414619095,33.60105706172493,0.4944498839587566,2.6482118733306126
ROI_54_7.png,5.128345368837411,24.736538470225135,0.5263742412007566,2.567454397859548
ROI_54_8.png,4.459088436971235,30.837031254169798,0.5268411714102746,2.6078698874860025
ROI_54_9.png,4.7752987627310315,27.87606113568639,0.5723075671633359,2.575797634363809
