Imagem;Classe;SFM_Coarseness;SFM_Contrast;SFM_Periodicity;SFM_Roughness;entropy_d1;homogeneity_d1;entropy_d2;homogeneity_d2;entropy_d4;homogeneity_d4;entropy_d8;homogeneity_d8
ROI_00_0.png;Saudável;4.971775445;23.63403493;0.7270127;2.422772682;3305.534422;36.10085145;3328.096243;22.87816325;3293.846307;16.50700163;3189.188014;15.44518029
ROI_00_1.png;Saudável;4.035577628;28.77222194;0.709075422;2.43078072;3340.980242;33.33120393;3350.622658;19.18026013;3306.103524;15.5945841;3206.39762;14.51279614
ROI_00_2.png;Saudável;4.387506117;26.09896008;0.697343328;2.438893183;3328.214558;33.65253898;3334.196002;19.37294925;3294.607649;14.55207218;3194.220172;15.06085568
ROI_00_3.png;Saudável;4.582675898;26.66604938;0.689335794;2.436966041;3340.983657;35.00474754;3345.47484;21.50790016;3310.635772;16.57130936;3200.78017;15.56227735
ROI_00_4.png;Saudável;4.420923949;26.38440229;0.712522988;2.410913686;3327.981612;34.42904037;3334.858304;19.96168731;3294.932918;16.16826722;3193.580768;14.16568884
ROI_00_5.png;Saudável;4.970797127;23.56159555;0.707472534;2.406200492;3319.591471;37.20150044;3333.745482;21.01259464;3290.873026;15.77263461;3196.086671;17.14095551
ROI_00_6.png;Saudável;5.303856014;23.30364965;0.706884783;2.473049339;3289.391979;37.62497522;3304.362643;21.21805166;3263.763735;19.65158186;3174.704508;17.60456596
ROI_00_7.png;Saudável;5.614250412;21.92094661;0.696860183;2.448612507;3279.239756;42.56389688;3285.47885;26.42474655;3256.747681;21.00855262;3158.012039;22.04695283
ROI_00_8.png;Saudável;5.358387026;23.24735461;0.704225542;2.426356632;3299.668252;38.52228282;3313.891073;23.81588441;3276.937714;18.36119793;3178.68384;20.06051974
ROI_00_9.png;Saudável;5.762404928;21.17130158;0.713785311;2.427675497;3285.194629;41.14308974;3305.645058;25.79126056;3267.128625;19.67701858;3172.858241;20.5826582
ROI_01_0.png;Saudável;5.550676764;23.14906612;0.583552399;2.531533263;3290.664312;35.03913671;3302.922715;23.57370602;3261.038424;20.39000899;3159.351521;19.07694013
ROI_01_1.png;Saudável;5.292110748;23.58188252;0.580341218;2.522377323;3312.948112;33.4196573;3314.391462;22.3424475;3281.593188;18.70694779;3178.300335;17.66279919
ROI_01_2.png;Saudável;6.506535407;20.82585639;0.569243258;2.582259577;3258.38926;38.3317813;3264.038844;29.52920332;3236.287287;22.68906322;3144.326752;21.59510311
ROI_01_3.png;Saudável;5.804307811;22.50705302;0.612969369;2.545008094;3266.05568;34.41866363;3290.799456;24.5015506;3249.077363;20.85582189;3160.426095;20.71078018
ROI_01_4.png;Saudável;4.887409263;27.38875474;0.673396937;2.522599113;3293.308699;32.75724819;3307.46566;22.34151792;3263.15263;17.3641879;3167.891252;17.71425269
ROI_01_5.png;Saudável;5.607064151;23.98951011;0.598382905;2.57796943;3259.828963;34.44678103;3277.867029;22.74842276;3244.980671;20.25145758;3143.103061;22.21492153
ROI_01_6.png;Saudável;6.108336038;21.3777726;0.582839432;2.556579559;3272.671608;39.30043969;3286.79601;24.90133884;3245.766635;21.27334576;3152.043431;21.66021185
ROI_01_7.png;Saudável;7.083517732;18.73341908;0.463582817;2.634307492;3258.56656;39.00735501;3268.733357;27.63495308;3232.370035;26.22226708;3137.68497;22.80666232
ROI_01_8.png;Saudável;5.351258982;24.2509553;0.620032299;2.517969991;3291.476294;38.2455019;3298.914417;24.60467497;3266.464038;19.64658824;3164.093009;20.4262653
ROI_01_9.png;Saudável;6.286235497;20.80940719;0.602536962;2.536492434;3244.135829;42.53055422;3266.807561;26.27744295;3231.83991;23.9103279;3148.105229;20.08550469
ROI_02_0.png;Saudável;6.203355216;20.35115676;0.59858712;2.49396104;3283.546322;39.0072067;3291.718452;24.96883587;3257.813259;22.40098319;3157.487047;21.06095121
ROI_02_1.png;Saudável;7.035401474;17.93765809;0.552656417;2.554644617;3250.900043;42.18748421;3259.636062;27.75379556;3226.21376;24.56855863;3134.666419;25.21792369
ROI_02_2.png;Saudável;5.285222092;24.12981185;0.640730736;2.485396495;3284.603268;38.92279163;3294.505219;24.60246509;3255.30464;20.78859179;3157.822905;23.07563652
ROI_02_3.png;Saudável;6.035150299;20.08818619;0.564128034;2.525457123;3311.460518;36.21404787;3319.359695;24.04427203;3284.569899;19.77139942;3181.898708;19.4683267
ROI_02_4.png;Saudável;5.296001934;24.14010075;0.603080067;2.512118115;3315.370012;36.7221555;3316.756181;22.42427052;3276.857835;19.83079493;3175.931424;17.49783646
ROI_02_5.png;Saudável;5.909929682;20.89352387;0.523765984;2.539932973;3290.395347;35.74406051;3298.375157;25.29997396;3258.573104;20.35612039;3159.836489;20.07524097
ROI_02_6.png;Saudável;6.392229621;20.19236681;0.478982554;2.590124219;3296.839438;35.68540062;3304.348951;25.24630168;3266.018798;21.79173683;3166.931369;21.25992224
ROI_02_7.png;Saudável;7.627753499;16.54701243;0.59399365;2.51813616;3174.092487;46.9104143;3204.164355;33.19585726;3179.207768;26.08098248;3092.616431;25.16565437
ROI_02_8.png;Saudável;4.829123227;24.31358421;0.678122329;2.448485398;3292.943693;37.15326279;3306.657226;23.55090672;3274.422449;19.38389541;3181.312276;16.78317767
ROI_02_9.png;Saudável;7.209382299;18.00662683;0.566674164;2.565670318;3195.480397;45.04883314;3229.970889;28.89705272;3201.068396;24.40416348;3112.071705;26.52851362
ROI_03_0.png;Saudável;5.494581001;22.99059451;0.608038686;2.52984094;3301.502299;37.6614389;3304.11583;23.48955823;3281.714878;19.52712249;3180.358575;20.3058551
ROI_03_1.png;Saudável;5.934805033;22.42789795;0.506610455;2.607817447;3321.616666;32.39762472;3319.537471;22.95450979;3284.771604;21.89535526;3183.591637;20.56826373
ROI_03_2.png;Saudável;5.051296835;25.52664907;0.59937069;2.507541763;3305.320571;35.85977331;3316.631393;23.19809924;3275.750723;18.7935178;3175.451563;17.89196291
ROI_03_3.png;Saudável;5.398281484;22.99153369;0.65432433;2.511872071;3308.484108;37.66728931;3324.144345;23.66592169;3284.804003;19.40680771;3186.37022;18.65854773
ROI_03_4.png;Saudável;5.090560336;24.38119021;0.640361339;2.485755377;3325.619428;38.29502835;3332.071762;24.36540151;3295.347185;18.54211361;3191.145114;17.21274127
ROI_03_5.png;Saudável;4.309878744;27.38657107;0.714156984;2.424270065;3327.183973;37.03692496;3331.498599;21.20017713;3300.696021;15.94938858;3193.904255;15.47440976
ROI_03_6.png;Saudável;6.268605409;20.75904686;0.510700522;2.591356159;3223.98968;38.89588615;3239.675752;28.59572492;3210.451663;24.12861902;3121.326299;23.32873649
ROI_03_7.png;Saudável;5.601890674;23.02508292;0.612091301;2.532022963;3325.241283;37.01169489;3329.237894;26.18592243;3287.012858;20.17268839;3183.841051;19.54541403
ROI_03_8.png;Saudável;4.971814728;24.78514672;0.63369037;2.46714293;3316.483442;35.17319781;3333.585142;23.65148597;3291.985556;19.29785531;3187.351614;17.47621259
ROI_03_9.png;Saudável;6.214976908;21.16162156;0.610413022;2.537799009;3290.179577;38.33057351;3296.952575;25.61020869;3270.02224;22.46510178;3171.365367;19.39572171
ROI_04_0.png;Saudável;6.013912391;21.72693028;0.556513736;2.557371059;3308.287573;36.80738731;3303.284487;23.83317811;3268.458211;20.64162103;3176.147189;19.63633878
ROI_04_1.png;Saudável;6.352702156;20.04050132;0.541865977;2.544346402;3293.069589;36.3465476;3301.55999;23.03639497;3263.378885;20.74389249;3169.480767;21.73199886
ROI_04_2.png;Saudável;6.58199512;19.21955423;0.56285453;2.549808285;3278.287811;40.06538201;3283.571715;27.55287622;3250.120923;22.32057234;3159.111376;22.77377669
ROI_04_3.png;Saudável;5.069985213;24.24719448;0.587560727;2.504098546;3334.657644;30.63309209;3345.290055;20.21586073;3298.018038;17.2994641;3196.683097;15.81722885
ROI_04_4.png;Saudável;5.681134863;22.59538429;0.57849887;2.501951226;3315.61103;35.24605205;3318.146185;23.78622078;3285.696864;20.64588578;3184.8073;18.6827066
ROI_04_5.png;Saudável;6.006973162;20.742054;0.578399476;2.495575385;3285.057776;34.78943421;3299.288203;24.40912527;3266.729037;20.12698655;3165.597393;20.44065615
ROI_04_6.png;Saudável;5.71729007;21.72032315;0.580051432;2.541451141;3311.830653;34.04644967;3325.237738;22.65007481;3283.639355;19.11142624;3184.563083;18.02409863
ROI_04_7.png;Saudável;5.99635319;21.57318333;0.548687174;2.522764173;3304.225193;36.21131114;3310.49055;22.80961479;3271.768875;20.94326841;3172.563044;18.554643
ROI_04_8.png;Saudável;4.897285308;25.66769211;0.63989406;2.441751475;3298.784412;36.89372621;3312.862664;26.2404259;3278.796572;18.72621567;3181.630753;17.24425263
ROI_04_9.png;Saudável;4.677821098;27.4982826;0.626702451;2.459672854;3317.751739;36.35390963;3320.294939;23.58792947;3282.674428;17.17493576;3179.25374;16.81173689
ROI_05_0.png;Saudável;8.704332421;15.4192345;0.538877628;2.583034476;3179.933266;46.96071838;3192.585722;34.57383912;3164.319487;29.41672022;3081.272473;29.87935148
ROI_05_1.png;Saudável;7.939662174;16.19447432;0.567099372;2.574544653;3212.539754;47.68292226;3238.309053;29.96520272;3197.713955;25.68345204;3110.591133;28.5717113
ROI_05_2.png;Saudável;9.100372781;14.87592225;0.567250792;2.568439789;3150.70192;49.36511624;3178.109942;34.27626203;3156.650799;30.29177338;3077.150738;29.78569109
ROI_05_3.png;Saudável;7.466691317;16.21117817;0.616097498;2.490510417;3196.80855;49.20888846;3220.068836;31.6208635;3196.594649;24.72285761;3111.2937;27.34429387
ROI_05_4.png;Saudável;7.045862597;18.64452369;0.576409451;2.554478937;3270.660243;41.17991115;3283.91354;26.71915677;3242.048754;23.3866409;3150.085561;23.79073017
ROI_05_5.png;Saudável;9.726904531;14.00940045;0.567307144;2.577996773;3112.646463;58.02550472;3136.107828;42.5874717;3116.925216;37.13328872;3026.672078;34.68100442
ROI_05_6.png;Saudável;8.445987179;15.49629443;0.560495852;2.560122447;3171.554418;49.18281398;3206.854767;34.52898664;3180.85875;28.8438312;3091.154941;27.62982825
ROI_05_7.png;Saudável;6.392181421;19.87923871;0.653841392;2.530030363;3272.268842;41.36012675;3284.07785;26.61642214;3255.875973;20.49628466;3156.439506;20.34005929
ROI_05_8.png;Saudável;7.943139054;16.77173014;0.553986438;2.609316413;3203.268642;42.76269518;3221.767557;28.51686201;3182.692371;27.03481178;3099.831842;27.35708221
ROI_05_9.png;Saudável;7.700864164;15.63352374;0.608844995;2.485827533;3174.72106;52.53877383;3201.813624;34.00100242;3185.268444;25.17279287;3102.140164;25.95647756
ROI_06_0.png;Saudável;10.95285502;12.83710825;0.590571848;2.567103215;3073.583864;57.56381245;3121.141374;41.1137707;3085.580053;37.21565048;3015.359794;37.66756124
ROI_06_1.png;Saudável;8.162395605;16.2840036;0.641437622;2.532062891;3191.989188;50.84795658;3224.258388;35.34425622;3193.959258;28.47048582;3109.853111;28.01091817
ROI_06_2.png;Saudável;7.681737042;17.77288637;0.561551649;2.586242803;3208.503843;45.25796603;3224.424414;32.75734912;3197.135912;28.17590849;3111.040074;25.72527879
ROI_06_3.png;Saudável;7.164784326;18.65930676;0.649153022;2.537121408;3234.369543;44.75300688;3260.377857;28.90354362;3222.912139;25.18899147;3135.848683;24.86443163
ROI_06_4.png;Saudável;6.32701956;22.18161744;0.628162065;2.580372085;3259.966639;37.34893158;3269.484167;25.54081788;3244.642271;22.5621537;3149.45534;22.31168667
ROI_06_5.png;Saudável;8.694650266;15.95645913;0.602300256;2.589107739;3137.144059;52.09123679;3170.242404;35.2901988;3151.20711;30.0039964;3064.035963;30.9974955
ROI_06_6.png;Saudável;8.437596886;15.38036425;0.549101965;2.569650682;3189.488993;46.40960454;3225.281466;32.50426848;3195.145691;29.68887513;3107.123754;29.19622874
ROI_06_7.png;Saudável;7.230537077;18.90753761;0.581183573;2.599652185;3221.878257;39.54951757;3238.650652;29.40499335;3203.595222;25.00271257;3117.934416;27.11736398
ROI_06_8.png;Saudável;6.742208716;19.95208779;0.578344407;2.58006076;3243.846417;39.68393204;3267.172419;27.332616;3228.142038;25.62780176;3139.561875;23.49793154
ROI_06_9.png;Saudável;7.272615081;18.62570304;0.559217959;2.592878958;3238.122735;42.34522643;3268.278719;29.76995584;3230.530881;28.26994857;3133.08706;26.24009617
ROI_07_0.png;Saudável;6.554680571;19.38594311;0.659087249;2.491352248;3227.841889;48.157185;3252.063701;30.5506258;3230.72787;26.61516101;3141.773646;23.69355244
ROI_07_1.png;Saudável;6.752262055;18.52195934;0.622641439;2.480345267;3253.253551;42.68133453;3277.14954;27.01003507;3245.930169;23.29009747;3155.021414;23.25503174
ROI_07_2.png;Saudável;6.145443271;20.24106568;0.675494583;2.448523094;3269.907368;48.0319897;3280.454645;28.37969031;3254.164605;22.99172009;3161.67285;21.14249883
ROI_07_3.png;Saudável;7.636381096;17.55286938;0.641312311;2.557079949;3225.281181;43.28153391;3253.564255;30.25864649;3221.309349;27.48578963;3127.926033;24.17315631
ROI_07_4.png;Saudável;6.943779571;18.2832998;0.659607843;2.506087308;3251.288421;46.98869372;3277.403813;27.53453302;3244.186076;23.75107446;3154.405859;22.20881472
ROI_07_5.png;Saudável;7.068844497;17.80514387;0.622807954;2.501078733;3262.590635;46.29978698;3278.434802;31.71779518;3242.881965;23.88916447;3152.962119;21.89506172
ROI_07_6.png;Saudável;6.787859516;18.00375693;0.646690116;2.490189497;3230.916891;43.98142721;3256.996866;29.5072542;3235.318234;23.23996246;3150.831732;21.10506541
ROI_07_7.png;Saudável;6.495010856;18.21960812;0.639767453;2.448557389;3259.236962;44.72174653;3275.851723;28.93851297;3243.180485;23.66181075;3148.617419;22.03317209
ROI_07_8.png;Saudável;8.348593444;15.33658236;0.609405092;2.537837747;3181.687167;49.48914261;3218.235381;32.72635086;3185.613054;28.21793688;3099.780039;29.16919848
ROI_07_9.png;Saudável;6.931641058;17.45530812;0.644065733;2.486400784;3237.289933;50.39227485;3262.168205;34.13730711;3233.535505;24.30714961;3138.623587;22.85750276
ROI_08_0.png;Saudável;4.483785839;27.08441525;0.710155273;2.457556567;3305.818947;32.2048174;3321.808069;20.78758264;3288.972284;16.47779283;3190.972692;16.70973548
ROI_08_1.png;Saudável;5.271863291;24.27339243;0.630341967;2.518618597;3281.611141;36.36365896;3295.178649;24.41632233;3252.82866;18.23773758;3162.168748;19.74690142
ROI_08_2.png;Saudável;5.295060582;24.97161037;0.642233208;2.503380133;3280.67651;35.84020964;3291.411588;23.86550815;3258.698538;19.79242861;3154.075881;19.83769553
ROI_08_3.png;Saudável;4.368150743;28.13351489;0.698389592;2.47420475;3306.31408;33.64893759;3318.965891;20.59693291;3279.169319;16.76403461;3185.983159;15.07554378
ROI_08_4.png;Saudável;4.390276302;27.56392238;0.691344993;2.483796179;3320.037252;35.21583443;3330.753216;20.45140652;3290.370482;16.29613683;3188.572434;16.82143366
ROI_08_5.png;Saudável;4.223446414;30.01320215;0.647543341;2.509877392;3312.197766;32.50345007;3320.920875;17.92000031;3282.521274;15.06351333;3180.38181;15.71790847
ROI_08_6.png;Saudável;4.880269785;26.5661018;0.636045489;2.512477168;3299.512758;34.67686042;3305.556378;20.36026024;3276.193485;18.94441375;3174.806938;17.21552704
ROI_08_7.png;Saudável;5.267155281;24.56098163;0.611791148;2.516615698;3288.030989;37.56269533;3303.696802;25.23496867;3270.277944;19.8779006;3163.556353;18.51812246
ROI_08_8.png;Saudável;5.624597907;23.08197154;0.620339641;2.541500693;3287.503232;38.2683572;3294.728871;20.59088946;3261.245964;19.43322513;3164.294954;19.95617117
ROI_08_9.png;Saudável;5.638243465;22.03200779;0.679902897;2.478521664;3313.254955;41.79712454;3328.031084;27.45731197;3288.789149;19.88813512;3189.823263;17.631296
ROI_09_0.png;Saudável;8.029695076;15.9742484;0.619439187;2.516205601;3188.80977;51.47218712;3214.506593;34.83003886;3185.417419;30.90234985;3113.917231;26.52141292
ROI_09_1.png;Saudável;9.285520429;14.52638456;0.596030732;2.538424473;3127.657525;57.9681996;3164.23795;39.23502203;3138.160133;33.17157205;3056.365647;33.97525694
ROI_09_2.png;Saudável;8.168293258;15.17255492;0.625295754;2.532619681;3164.574167;48.05903145;3205.439729;33.17704281;3173.499519;28.87028015;3103.764794;29.71390561
ROI_09_3.png;Saudável;7.414186306;17.75077176;0.660183128;2.498076316;3183.537704;50.52327073;3206.261536;31.74869875;3182.265284;26.91119081;3095.561507;27.15363854
ROI_09_4.png;Saudável;9.19506914;14.14602016;0.58901933;2.551793642;3139.195762;53.57576166;3168.328529;35.20644595;3133.923323;31.68490602;3050.19077;33.73779444
ROI_09_5.png;Saudável;7.870244604;17.07142334;0.638135314;2.550160445;3190.255293;49.93308464;3212.706843;31.81439724;3182.64755;28.28212217;3100.009164;28.4893796
ROI_09_6.png;Saudável;10.0382991;12.75687271;0.637240302;2.490073044;3036.826085;64.9535103;3101.67945;43.23573816;3071.512823;37.83092214;3018.267772;36.31073579
ROI_09_7.png;Saudável;9.68985618;13.65359511;0.568955207;2.56018976;3078.392725;55.11223932;3119.454257;37.28165141;3092.313792;34.08651576;3004.835699;34.40776435
ROI_09_8.png;Saudável;8.724150321;15.10300303;0.609721212;2.532443155;3140.470672;53.55758894;3174.11682;35.52671794;3152.78649;31.04488755;3072.185892;30.01812203
ROI_09_9.png;Saudável;9.166098422;13.34588897;0.621231594;2.514669709;3105.915422;56.31120639;3151.498632;40.55478928;3130.064966;33.47875873;3046.000837;33.97843924
ROI_10_0.png;Saudável;6.889532206;18.69756041;0.592278213;2.519911612;3247.676107;43.8095738;3270.198705;29.14782474;3237.526454;22.51733862;3142.696892;23.04782856
ROI_10_1.png;Saudável;7.23359002;18.03630435;0.577083758;2.581540788;3246.189167;43.32153196;3260.775608;31.66944595;3226.601235;24.8781652;3133.054426;24.82714183
ROI_10_2.png;Saudável;6.128713407;20.96530335;0.588419604;2.547694901;3281.298319;35.27440412;3283.898773;25.49169178;3254.402278;22.19822373;3156.378799;23.41039363
ROI_10_3.png;Saudável;7.880990384;16.87722449;0.562167201;2.589550755;3211.119273;43.33214125;3229.601511;29.82593374;3191.328055;27.01969474;3101.748129;28.71017399
ROI_10_4.png;Saudável;7.160834791;17.85607894;0.601796965;2.513467737;3196.915675;45.53829127;3222.270667;29.59024319;3204.11727;24.26373635;3120.509394;25.3789254
ROI_10_5.png;Saudável;7.041250703;18.2929369;0.557127684;2.540439752;3273.480903;40.96979682;3285.40912;26.24452889;3247.581756;23.04542772;3153.068754;22.18206071
ROI_10_6.png;Saudável;6.682420703;18.94782925;0.616114377;2.53048097;3234.50359;45.72099884;3258.72258;29.77296497;3226.181883;24.87680752;3138.210381;23.23778773
ROI_10_7.png;Saudável;6.872613563;18.68932144;0.601733862;2.521012282;3248.393331;43.82143191;3272.221214;28.94283011;3245.038676;23.46602494;3157.515873;21.67180874
ROI_10_8.png;Saudável;6.672153862;19.35777485;0.582019568;2.534801088;3294.709198;37.25906088;3303.9668;26.78931455;3260.722716;24.26684834;3171.627688;21.97368723
ROI_10_9.png;Saudável;6.365080716;20.11547596;0.574398373;2.53986303;3300.586108;35.04487349;3301.701774;23.87343328;3264.464073;21.92613382;3170.19049;21.2465348
ROI_11_0.png;Saudável;6.229579472;20.51621909;0.589309205;2.550616583;3284.230875;37.38344068;3297.710609;23.23804897;3259.409663;20.88639706;3169.280188;20.86281146
ROI_11_1.png;Saudável;6.341512568;19.99977097;0.593254042;2.527114734;3270.478856;41.85461926;3284.544831;26.0229342;3254.414976;23.11877122;3161.419457;22.18677453
ROI_11_2.png;Saudável;5.830741798;20.3146659;0.594624618;2.493736252;3306.85872;38.11957947;3315.30522;25.98443425;3278.176607;18.35847065;3183.727236;18.32453002
ROI_11_3.png;Saudável;6.340087161;20.66240106;0.585965472;2.564694021;3269.256547;35.8884958;3290.909669;25.01091745;3265.306777;22.28565844;3161.613637;21.1038707
ROI_11_4.png;Saudável;9.739309072;12.77285773;0.563921148;2.587300195;3113.012914;57.7321371;3158.129401;40.93532312;3140.814101;32.28117134;3057.789919;33.06536845
ROI_11_5.png;Saudável;8.088792212;16.10422221;0.547305822;2.567969217;3221.742935;46.23596754;3244.18754;32.04102988;3216.49842;26.02322308;3120.428714;27.49715948
ROI_11_6.png;Saudável;7.738531948;15.39189224;0.574380743;2.505042454;3201.966679;46.5565661;3236.968734;32.71923999;3212.261206;25.69446122;3126.439777;24.29650488
ROI_11_7.png;Saudável;7.220045093;17.30977702;0.543207994;2.524191549;3246.3905;44.14080007;3264.887323;28.58434151;3227.243904;24.58732823;3140.217211;23.65548936
ROI_11_8.png;Saudável;6.633693117;19.39672969;0.570038409;2.553966139;3275.318312;38.067017;3281.095155;28.13219061;3245.048379;23.47678045;3155.09899;20.85805407
ROI_11_9.png;Saudável;7.661703196;16.20514884;0.523474492;2.566840216;3211.592237;43.79584378;3235.680676;32.52410158;3211.951609;26.33477894;3126.072576;24.89830689
ROI_12_0.png;Saudável;8.784655085;14.87388933;0.603644729;2.531803612;3171.402867;53.92403022;3197.043477;35.00196037;3166.734986;30.20897029;3087.679202;28.34684549
ROI_12_1.png;Saudável;8.34821007;15.66691449;0.632722927;2.537984011;3130.540752;52.58768422;3173.320763;34.16473301;3153.476618;31.34439084;3070.974014;28.37155525
ROI_12_2.png;Saudável;8.235495773;16.16207275;0.625481026;2.59725124;3168.924894;51.45993826;3197.284261;32.17742149;3173.81366;29.05156735;3085.015669;28.35321399
ROI_12_3.png;Saudável;8.702155354;14.64332291;0.608978548;2.51972822;3165.920044;51.89415896;3206.80762;36.0558529;3168.166884;29.70269368;3091.548437;28.56501852
ROI_12_4.png;Saudável;7.292287095;17.86723456;0.640883798;2.56877834;3226.872063;45.33319679;3263.897967;28.50441691;3228.674507;25.59424337;3132.187861;24.48893745
ROI_12_5.png;Saudável;7.986128574;15.79212202;0.616433428;2.513552499;3251.717437;49.76589626;3274.346476;33.16152661;3239.200525;27.20187156;3154.097202;23.50726731
ROI_12_6.png;Saudável;8.94633775;14.88125726;0.625224184;2.547617353;3168.042403;50.9360031;3203.328355;33.64070357;3170.924628;30.278712;3091.410675;31.80210299
ROI_12_7.png;Saudável;7.425614972;18.64419721;0.596502298;2.580470824;3247.950826;45.00987848;3270.172557;28.46856463;3229.893333;27.2719636;3139.868639;24.80877274
ROI_12_8.png;Saudável;8.065732869;16.79027721;0.631387473;2.562639258;3185.112381;51.88536301;3227.570513;32.73839479;3205.862464;26.94015753;3112.125727;27.35999707
ROI_12_9.png;Saudável;9.349753172;13.75558782;0.601275076;2.534601781;3129.302445;53.72265329;3171.969385;36.32503554;3154.337991;33.11231245;3070.287726;32.12980569
ROI_13_0.png;Saudável;7.319529073;16.87480921;0.632764897;2.505915926;3253.995979;48.12313239;3272.096762;28.89300773;3243.948848;24.83294341;3148.081471;22.93989117
ROI_13_1.png;Saudável;6.103854288;21.88235417;0.611000397;2.569462021;3303.572301;36.60820634;3316.407178;24.19736551;3276.033107;21.0887833;3178.149578;19.13060967
ROI_13_2.png;Saudável;7.382441736;17.37097251;0.574923692;2.524828343;3238.217508;47.60346341;3257.045612;30.61411192;3226.805342;25.00622358;3133.341386;23.89880306
ROI_13_3.png;Saudável;6.827702106;19.38548949;0.596840447;2.562588626;3280.435181;41.65315712;3290.84328;26.65846167;3250.166079;22.51057511;3155.967548;22.1282609
ROI_13_4.png;Saudável;6.752739936;20.28846569;0.581794598;2.588477327;3266.290689;40.41885564;3272.773403;26.05725333;3235.223595;23.00671203;3140.967789;24.17830782
ROI_13_5.png;Saudável;7.275392986;18.46555256;0.548174999;2.575578383;3239.161094;39.87108063;3244.051588;28.07789785;3215.092326;25.20835943;3112.714193;25.87572754
ROI_13_6.png;Saudável;7.7337653;16.76398177;0.546101632;2.552356784;3204.482488;45.89292422;3227.620251;32.28232919;3194.346558;27.32778196;3104.525728;26.21456929
ROI_13_7.png;Saudável;8.247890241;16.51472185;0.542765767;2.60599139;3198.418521;45.52940863;3214.842444;34.45805367;3191.414945;29.77021822;3101.657027;27.43656045
ROI_13_8.png;Saudável;7.211032751;17.95083933;0.580024111;2.550740221;3260.7238;41.4765071;3273.150801;28.56949974;3241.600929;24.00049998;3147.7573;23.38141206
ROI_13_9.png;Saudável;7.975529983;16.41031243;0.534127772;2.56963995;3206.889802;43.56313182;3237.752104;31.38549224;3213.680175;27.41559095;3120.313295;25.60326565
ROI_14_0.png;Saudável;6.310291096;20.13615593;0.685737487;2.512305797;3278.290112;39.92298032;3303.797939;25.88944191;3264.809699;22.06372495;3166.949173;21.94951424
ROI_14_1.png;Saudável;5.178862553;23.291489;0.658099167;2.488491362;3321.544764;36.82130236;3338.099518;20.90016681;3293.651934;18.58538055;3186.665016;17.07357013
ROI_14_2.png;Saudável;5.815948959;21.27226733;0.685661806;2.469475329;3282.648617;41.90469986;3304.854788;26.60986915;3265.486511;21.94536608;3165.78806;19.22235153
ROI_14_3.png;Saudável;4.784818163;26.45206908;0.649176626;2.488003964;3311.959738;35.03828303;3324.968215;19.85138781;3282.225269;18.13970447;3185.047567;15.88041111
ROI_14_4.png;Saudável;6.043370188;20.93895156;0.686640064;2.498663881;3297.300793;38.29710254;3305.493551;25.70430123;3274.812853;21.4491122;3176.508049;19.71987186
ROI_14_5.png;Saudável;5.741122196;21.89148556;0.640040751;2.50084533;3305.691562;36.93089171;3321.564252;24.0160431;3284.707747;18.81148376;3182.744524;18.01317176
ROI_14_6.png;Saudável;6.558119669;19.48857112;0.650580608;2.510216175;3262.86437;40.51321561;3290.69785;26.56789497;3260.712104;23.47708937;3160.184348;21.34602627
ROI_14_7.png;Saudável;6.516809182;19.31794769;0.619335591;2.498891827;3270.0169;41.78786619;3281.997816;26.51152708;3251.569208;22.01967685;3154.098991;20.33659794
ROI_14_8.png;Saudável;6.99914357;17.89750182;0.618657773;2.502137845;3242.319371;43.33391732;3269.60047;27.64023475;3237.400259;23.58568514;3143.694633;23.60132739
ROI_14_9.png;Saudável;7.243965514;18.50385133;0.605893781;2.572496162;3241.777441;43.63918384;3265.020055;31.12582552;3235.51374;25.66403503;3138.682154;23.0892795
ROI_15_0.png;Saudável;3.90351192;31.93815328;0.640319259;2.493838661;3288.053217;30.6922605;3306.589344;17.6431843;3267.931615;14.88133665;3172.627546;14.65268774
ROI_15_1.png;Saudável;3.398513205;34.66377691;0.693324642;2.478904349;3329.624501;30.50971816;3333.344313;16.51216698;3295.163139;11.98364846;3190.122429;13.0120306
ROI_15_2.png;Saudável;2.893271577;44.44730949;0.601562826;2.527278404;3290.12949;26.86670839;3306.590204;17.83806951;3270.006881;13.54772056;3171.375587;11.40644381
ROI_15_3.png;Saudável;2.998829016;39.67851316;0.733120084;2.460450235;3330.529905;25.71445946;3340.139283;15.57026429;3304.681394;13.27822086;3204.117638;10.51927365
ROI_15_4.png;Saudável;2.942062986;39.54211273;0.618660381;2.431551896;3299.674537;29.33481924;3315.002335;18.67760217;3284.949883;13.11054764;3182.775295;10.85974806
ROI_15_5.png;Saudável;5.186011773;24.99375534;0.542588274;2.558016085;3268.968106;35.4707802;3288.403456;23.35120679;3251.353716;19.62407059;3157.972677;18.52849092
ROI_15_6.png;Saudável;2.448446228;49.94494814;0.66790519;2.445124862;3245.575023;37.81888207;3273.898665;24.31273948;3250.031655;15.64193321;3162.232909;11.17115193
ROI_15_7.png;Saudável;3.136593551;41.75392392;0.603486447;2.539005652;3300.785576;21.24482179;3313.533685;14.62106128;3272.612943;13.66203052;3172.684125;12.48354321
ROI_15_8.png;Saudável;3.435411862;39.22625085;0.578798511;2.557364105;3293.01828;24.99439446;3300.874381;14.74891371;3263.988805;13.17154277;3167.751253;13.00297147
ROI_15_9.png;Saudável;3.715637071;34.39466556;0.567442833;2.561621258;3277.505113;21.06735919;3291.208376;15.62912644;3256.074504;13.26319874;3164.820438;13.73605786
ROI_16_0.png;Saudável;5.811213872;21.82398288;0.700522629;2.488979057;3290.028517;43.32144217;3311.419975;24.3292836;3274.923111;20.23925523;3179.150383;19.32325541
ROI_16_1.png;Saudável;7.27204614;18.63105949;0.641014865;2.506295779;3236.124467;52.88859281;3264.064475;31.29661346;3236.328938;24.79886768;3136.444546;24.32464921
ROI_16_2.png;Saudável;6.689762543;18.92402001;0.639319152;2.513202691;3243.763607;43.26639696;3272.404938;27.98084227;3241.239018;23.64755573;3137.188328;22.94136654
ROI_16_3.png;Saudável;6.32518187;21.09303099;0.643581022;2.534590152;3275.072261;39.12909595;3298.252105;26.01292027;3264.79937;22.87558373;3162.572456;20.63485419
ROI_16_4.png;Saudável;5.456431239;23.76960962;0.608811411;2.51909547;3312.365375;34.98445808;3309.86548;22.77330706;3273.091938;19.04094757;3177.611436;18.92702452
ROI_16_5.png;Saudável;5.876802241;21.60344357;0.616764087;2.521040932;3285.072946;38.07053034;3293.405191;23.67629518;3259.758425;21.10658776;3164.537031;19.04889751
ROI_16_6.png;Saudável;5.423918357;23.59052635;0.601169813;2.533312112;3318.689312;34.17824915;3320.409542;22.16476753;3281.858154;19.69895384;3176.076235;17.92268128
ROI_16_7.png;Saudável;6.015688729;22.69736041;0.616380485;2.580502694;3294.484677;39.03860364;3302.663447;24.03770067;3266.059604;21.2804835;3168.784378;20.20603095
ROI_16_8.png;Saudável;8.439597675;16.08997428;0.606821918;2.566289377;3201.010325;50.35270305;3216.237942;35.60899307;3190.153328;30.07556746;3107.073027;27.13651485
ROI_16_9.png;Saudável;5.035599283;23.94982129;0.615869034;2.520039369;3319.05093;34.34802384;3328.261846;23.28238174;3290.06706;18.93860418;3190.780015;17.58449568
ROI_17_0.png;Esteatose Hepática;5.135149709;24.67456467;0.526628858;2.556780481;3312.938264;31.05675923;3314.863972;21.15361816;3275.341565;17.84366587;3173.0885;18.57187378
ROI_17_1.png;Esteatose Hepática;4.864245301;27.93604472;0.489640295;2.628843931;3309.382603;27.73822215;3314.798983;19.43841872;3276.677537;18.21429746;3174.53458;16.7261145
ROI_17_2.png;Esteatose Hepática;5.01102676;26.4602479;0.482790452;2.613738105;3309.945364;29.11405653;3314.545361;20.86790679;3276.81079;17.60120447;3171.283837;17.29761263
ROI_17_3.png;Esteatose Hepática;5.419348885;25.5320098;0.469893055;2.642562296;3328.519254;29.72250157;3319.177918;22.28732459;3272.753163;20.16967283;3176.007924;19.91772434
ROI_17_4.png;Esteatose Hepática;5.437797283;25.6602258;0.509447388;2.624569101;3311.583136;31.14855867;3315.178405;22.57950145;3273.179708;20.37689881;3177.20805;18.14997108
ROI_17_5.png;Esteatose Hepática;5.143846886;27.05843947;0.477110274;2.658217488;3300.6736;28.6944596;3299.749817;20.22274192;3256.926014;18.66503838;3161.298934;18.51807599
ROI_17_6.png;Esteatose Hepática;5.617424869;25.67111124;0.417155018;2.707364761;3259.552976;30.96972591;3266.387519;23.98969541;3220.880515;23.49438388;3121.686643;23.00036616
ROI_17_7.png;Esteatose Hepática;5.779570109;22.83914337;0.517222417;2.601817533;3276.427079;31.98208833;3273.814724;23.04337223;3238.341357;21.1504325;3149.116151;21.3321954
ROI_17_8.png;Esteatose Hepática;4.777684124;28.37589525;0.488484454;2.619174951;3307.754154;29.53221759;3310.553245;19.70266307;3276.116962;18.34220473;3174.677471;17.86660336
ROI_17_9.png;Esteatose Hepática;5.643122608;23.90686488;0.489058542;2.635136643;3285.770683;30.67874308;3287.691148;23.18583445;3250.681721;20.43467092;3155.893515;20.21609568
ROI_18_0.png;Esteatose Hepática;4.971296935;28.19169607;0.469794085;2.634172398;3287.959068;31.1441312;3289.579874;19.18068066;3242.389633;20.1657431;3150.462919;18.39936015
ROI_18_1.png;Esteatose Hepática;4.030073847;32.50111848;0.554719486;2.582866363;3296.637475;31.09543264;3303.035312;18.51740963;3264.962014;16.25443808;3163.956281;16.10973343
ROI_18_2.png;Esteatose Hepática;4.641601566;30.30122751;0.523990252;2.649435335;3295.281095;29.52071319;3297.407034;18.85507469;3260.693196;17.26471929;3157.249315;16.1402526
ROI_18_3.png;Esteatose Hepática;4.636009502;30.34948469;0.501261041;2.646794817;3311.992751;28.62314641;3309.282599;18.19149323;3266.874982;17.34196993;3164.599833;17.10346767
ROI_18_4.png;Esteatose Hepática;4.98036261;25.6672159;0.576669178;2.547359495;3280.095488;33.27615285;3297.951938;20.68568723;3261.361638;19.54844542;3162.834926;17.94602918
ROI_18_5.png;Esteatose Hepática;4.193421695;32.25961007;0.506329986;2.619612964;3295.238027;24.00852234;3306.747735;17.54428625;3273.541106;17.0947165;3171.900213;15.12220944
ROI_18_6.png;Esteatose Hepática;4.839401863;28.11110501;0.535647869;2.613412071;3297.884147;29.36035486;3297.28602;21.67008985;3264.177592;17.6244039;3162.818006;17.01392374
ROI_18_7.png;Esteatose Hepática;5.107637766;26.68860613;0.489101101;2.618424369;3294.954724;27.34589618;3304.848887;19.97344528;3261.710068;18.30605971;3161.216866;18.46455613
ROI_18_8.png;Esteatose Hepática;4.710551237;29.5264411;0.524147093;2.633038059;3302.429823;25.67654161;3312.69694;18.54411386;3269.238246;17.49465083;3174.818379;16.46904666
ROI_18_9.png;Esteatose Hepática;4.571271223;30.54231595;0.493955438;2.633288335;3306.781455;24.4019651;3300.425409;19.65613719;3265.458631;17.81308809;3166.463902;17.18448447
ROI_19_0.png;Esteatose Hepática;3.208973767;41.05381273;0.59352999;2.527259796;3292.535782;26.40537966;3302.987794;16.67026991;3259.396813;12.43930616;3165.932496;11.67558315
ROI_19_1.png;Esteatose Hepática;2.621727708;47.60311785;0.660007693;2.51142032;3292.303037;23.60687342;3303.078336;14.5160677;3269.765671;10.80926222;3172.267424;10.29270701
ROI_19_2.png;Esteatose Hepática;2.737483971;45.29272348;0.652600248;2.505514647;3284.714218;22.0729505;3301.741407;14.64949573;3271.086579;9.702482081;3173.577666;10.85120878
ROI_19_3.png;Esteatose Hepática;2.886987298;41.75104126;0.61262435;2.465863803;3320.628766;18.5950331;3331.971354;13.98542332;3288.858131;10.49609965;3191.586758;10.17977328
ROI_19_4.png;Esteatose Hepática;3.1775831;41.2684691;0.582248698;2.504615848;3286.102298;21.90400191;3303.020492;14.38340949;3270.240806;12.36600841;3169.034781;12.59826396
ROI_19_5.png;Esteatose Hepática;3.272584518;40.64222908;0.605471755;2.558837928;3303.460258;23.4837949;3311.540656;15.26172659;3273.096782;12.98251043;3173.095107;11.66045345
ROI_19_6.png;Esteatose Hepática;3.700507076;36.02278507;0.557260761;2.542382927;3275.293719;25.42852243;3284.237286;16.29803047;3244.476796;13.52095203;3144.192237;14.4470998
ROI_19_7.png;Esteatose Hepática;3.612759647;36.70877612;0.599968108;2.569653293;3283.266159;23.53642136;3302.59476;16.09157558;3263.626559;12.88340452;3171.760271;13.33011543
ROI_19_8.png;Esteatose Hepática;3.557155547;36.82526526;0.564107289;2.590416581;3282.495478;23.21870557;3286.157394;15.05232812;3255.696675;13.61215493;3155.888287;13.67055867
ROI_19_9.png;Esteatose Hepática;3.291027419;38.13682057;0.639510608;2.507250323;3288.861625;24.52169192;3293.263784;16.35288546;3262.996608;12.42297076;3169.723847;12.87514078
ROI_20_0.png;Esteatose Hepática;4.335532261;31.01548473;0.472854331;2.619363891;3312.000684;26.33811514;3309.816731;17.29812145;3265.418388;14.86075926;3171.826218;15.14159453
ROI_20_1.png;Esteatose Hepática;4.642169226;27.99090548;0.539160317;2.576155311;3307.44258;29.15031664;3314.115431;19.38418832;3277.014281;18.0666675;3176.044639;16.88414298
ROI_20_2.png;Esteatose Hepática;5.008152556;26.00491557;0.511970107;2.564626378;3278.360928;29.63103301;3290.727694;21.0596597;3254.77691;17.0431093;3157.452146;18.08340035
ROI_20_3.png;Esteatose Hepática;4.048401658;31.70770068;0.556496527;2.569389145;3309.106581;25.63453011;3323.647619;17.080508;3283.639104;14.19551331;3181.152618;14.27834858
ROI_20_4.png;Esteatose Hepática;3.776770141;34.13232921;0.598793108;2.570757987;3309.184989;25.39589446;3313.832838;16.40118043;3274.731339;14.89077872;3175.829717;14.2391567
ROI_20_5.png;Esteatose Hepática;3.984742038;32.02614657;0.540173419;2.580706055;3302.141593;23.17673583;3317.657023;17.85477995;3279.18731;14.29683698;3182.98642;14.64090817
ROI_20_6.png;Esteatose Hepática;4.145182956;30.32992169;0.53755988;2.550982196;3315.779315;25.27598839;3319.394938;17.24110966;3278.433475;15.54721733;3184.472715;15.45888382
ROI_20_7.png;Esteatose Hepática;4.533026271;28.55855261;0.561927382;2.576140351;3295.950396;27.44146256;3306.420975;19.01945579;3260.878224;16.6523107;3163.965889;17.32014048
ROI_20_8.png;Esteatose Hepática;4.391668924;29.75017147;0.579712637;2.596260946;3286.034053;27.49979986;3300.644312;18.97130074;3266.001737;16.88649961;3169.187884;16.00533958
ROI_20_9.png;Esteatose Hepática;3.999179437;31.06820509;0.597013903;2.523720812;3288.560983;28.23200193;3299.033156;18.60424688;3266.009788;14.92812873;3170.358342;14.31035702
ROI_21_0.png;Esteatose Hepática;4.155582304;32.83658335;0.548382749;2.620465722;3291.967094;25.10498005;3303.033316;16.70352547;3264.127488;16.90153667;3162.954274;16.71477524
ROI_21_1.png;Esteatose Hepática;4.260459109;33.31367954;0.437687024;2.6940745;3280.700482;23.85839231;3279.861882;17.94835102;3247.102096;16.82579136;3148.071952;17.17794252
ROI_21_2.png;Esteatose Hepática;4.300037141;31.45547712;0.464770509;2.65848045;3265.822915;26.65589429;3275.153962;17.11925291;3236.762908;17.14592128;3147.149603;16.61382319
ROI_21_3.png;Esteatose Hepática;4.80131279;27.94085815;0.492813704;2.622884319;3290.646847;29.84964157;3293.158672;19.61017671;3259.720477;17.72645184;3161.169562;16.65920659
ROI_21_4.png;Esteatose Hepática;4.576406126;29.16611656;0.48527538;2.603149439;3294.906377;28.16823225;3289.227145;21.31414484;3253.166573;15.46918623;3158.451342;16.89188381
ROI_21_5.png;Esteatose Hepática;4.77457551;29.83072015;0.447323938;2.708129576;3270.335557;25.3733833;3271.117024;19.12027766;3233.615162;19.65540435;3141.79592;16.82815431
ROI_21_6.png;Esteatose Hepática;4.670928891;29.39140093;0.499419764;2.612094864;3259.889275;29.16878223;3267.48511;19.35784765;3232.534804;18.84188402;3143.122217;16.83303348
ROI_21_7.png;Esteatose Hepática;4.790224993;29.89808035;0.453369431;2.682167008;3272.864202;27.28463273;3276.069483;19.77508896;3238.813699;18.75862156;3143.59307;17.22267252
ROI_21_8.png;Esteatose Hepática;4.602937253;29.89380168;0.482595757;2.649987231;3282.497593;26.13435613;3278.961088;17.74685923;3242.37007;17.1280792;3145.629823;16.88356552
ROI_21_9.png;Esteatose Hepática;4.280537452;32.25671465;0.470311801;2.637183992;3278.828573;25.48529109;3271.985552;17.75250452;3231.946106;17.13250127;3141.589796;17.70554624
ROI_22_0.png;Esteatose Hepática;3.374545761;36.37481923;0.634290299;2.501946744;3307.425387;26.56960922;3310.288798;16.81450787;3275.914931;12.54366717;3176.681369;12.96224305
ROI_22_1.png;Esteatose Hepática;3.513876273;35.51421104;0.639037525;2.515934249;3290.275271;28.66995527;3315.292203;17.96932906;3276.335058;13.67383738;3174.254579;12.63465726
ROI_22_2.png;Esteatose Hepática;3.429039243;35.99261218;0.641946617;2.502763782;3294.500786;26.50324901;3311.38034;16.65142258;3263.805267;13.00400197;3169.025905;12.76190793
ROI_22_3.png;Esteatose Hepática;4.338191732;30.63463312;0.637680653;2.533913412;3243.156674;33.38158997;3261.490018;20.58122023;3241.425806;17.68100648;3150.500911;16.43025969
ROI_22_4.png;Esteatose Hepática;4.254112705;30.33165724;0.617411213;2.533339147;3260.553894;29.93644954;3272.763081;18.2059397;3242.216478;15.61275591;3150.604948;15.55889211
ROI_22_5.png;Esteatose Hepática;4.087840252;30.55734843;0.604247317;2.490785246;3290.497423;29.95346869;3305.163115;18.22697953;3266.436406;16.00135382;3168.193337;14.14720866
ROI_22_6.png;Esteatose Hepática;4.654735858;28.32322069;0.614445027;2.527443663;3264.151834;28.59667363;3283.445204;20.25531081;3249.527858;17.03179943;3153.681616;16.37168724
ROI_22_7.png;Esteatose Hepática;5.254819691;26.29186238;0.642171802;2.587650036;3228.447296;32.01822765;3248.173769;21.10944777;3218.639174;19.73991257;3126.597688;18.99406131
ROI_22_8.png;Esteatose Hepática;4.064698168;31.58785251;0.672458449;2.489958941;3270.59205;28.46396014;3286.46175;19.2152438;3258.50509;15.67496318;3160.631243;15.24172047
ROI_22_9.png;Esteatose Hepática;3.985971631;30.46099686;0.686183821;2.475108044;3278.060552;31.55978467;3296.175847;19.13066833;3273.089418;14.10198841;3167.10225;14.28339287
ROI_23_0.png;Esteatose Hepática;2.986176206;42.88232775;0.616181558;2.537026026;3301.480873;20.1972489;3316.856229;13.21974457;3275.996077;11.58768548;3180.866931;11.62662793
ROI_23_1.png;Esteatose Hepática;3.48000762;36.75382725;0.599016582;2.54553155;3274.599126;23.28020618;3295.757175;14.43746975;3260.54926;13.13632861;3161.017422;13.03124629
ROI_23_2.png;Esteatose Hepática;3.258651611;39.15948062;0.590815083;2.544048598;3286.960148;22.87476257;3307.199004;15.91983006;3267.444181;12.9545358;3165.896391;11.58877426
ROI_23_3.png;Esteatose Hepática;2.944877195;41.94417697;0.60520727;2.489372078;3312.79431;24.9963193;3324.849402;15.36450828;3280.296169;10.94853445;3178.919174;10.49991534
ROI_23_4.png;Esteatose Hepática;3.248217264;40.09244107;0.578805902;2.549837991;3289.186622;23.72947283;3298.659405;14.34283399;3268.7282;12.78329333;3173.720761;11.61055527
ROI_23_5.png;Esteatose Hepática;3.213978707;41.86365691;0.573595153;2.593309892;3237.920515;27.82564875;3269.906262;17.21816188;3233.772062;14.05358964;3140.544374;14.18735767
ROI_23_6.png;Esteatose Hepática;3.284386254;40.66121206;0.597358574;2.566643109;3250.364852;28.1683692;3271.88531;15.97744586;3241.831691;14.74357488;3152.551168;13.07698852
ROI_23_7.png;Esteatose Hepática;3.415674928;37.93670663;0.578778606;2.555998092;3285.184178;23.26325539;3297.00993;15.90223713;3255.061732;14.45546601;3161.909514;12.36336673
ROI_23_8.png;Esteatose Hepática;3.552584566;37.44303662;0.593238466;2.562703602;3265.326153;25.17646114;3284.123952;14.44609265;3252.022395;13.74677293;3160.259128;13.20054676
ROI_23_9.png;Esteatose Hepática;3.054242924;43.13655861;0.59252521;2.561136416;3178.363667;34.2544034;3213.376006;19.93146876;3191.132746;16.12145595;3095.991155;17.44387847
ROI_24_0.png;Esteatose Hepática;5.516976083;23.18493955;0.571704595;2.51665067;3305.176549;36.50544541;3316.035697;23.5156082;3275.96006;19.51355207;3174.405089;17.85778633
ROI_24_1.png;Esteatose Hepática;5.817777769;23.26226685;0.586599178;2.556983134;3279.798677;34.09614126;3284.314667;24.30785363;3252.929949;20.98965599;3159.285614;20.01985854
ROI_24_2.png;Esteatose Hepática;5.342712609;25.20553955;0.578943363;2.575977375;3305.59789;34.78241488;3315.948623;20.50868887;3274.266673;17.874384;3175.924401;18.02249679
ROI_24_3.png;Esteatose Hepática;4.841784712;26.55918365;0.597542657;2.546219777;3320.301401;29.94437989;3321.585917;19.08803031;3279.883758;17.92959676;3182.567351;17.02322987
ROI_24_4.png;Esteatose Hepática;4.659289991;27.03233814;0.62497646;2.5067728;3322.900283;32.64740005;3329.544597;21.41065158;3288.54884;17.14533219;3189.569746;16.42117745
ROI_24_5.png;Esteatose Hepática;4.645806269;26.56611471;0.619486344;2.503866876;3323.712189;30.84877743;3332.026414;21.84043;3288.587446;18.21650244;3187.543593;16.74893245
ROI_24_6.png;Esteatose Hepática;4.639268156;25.89458565;0.651502594;2.473837405;3302.764207;33.0568737;3318.129618;21.32110375;3279.74952;15.48618808;3180.080744;16.33881727
ROI_24_7.png;Esteatose Hepática;4.648083993;26.66437977;0.631780754;2.491006478;3320.083758;30.5445558;3327.921221;19.29068096;3290.0187;16.0593032;3192.632916;16.76272604
ROI_24_8.png;Esteatose Hepática;5.134828017;22.97678209;0.664877759;2.452753527;3290.731958;35.73858347;3302.821453;23.02542673;3274.119081;15.86705474;3172.21721;19.01998584
ROI_24_9.png;Esteatose Hepática;5.055374817;24.66716667;0.645254452;2.473646235;3299.173341;36.67659664;3315.284575;22.34137043;3282.669168;17.52952149;3178.091366;17.0635458
ROI_25_0.png;Esteatose Hepática;3.409169308;37.55728885;0.594687649;2.532387419;3263.202541;30.83260244;3292.85935;18.58690777;3259.831311;13.24799366;3162.868403;13.93939836
ROI_25_1.png;Esteatose Hepática;3.946855329;32.37039383;0.57002248;2.546303411;3260.227686;28.16746609;3276.797819;17.93399231;3237.426443;15.64179434;3143.71322;15.10945592
ROI_25_2.png;Esteatose Hepática;3.456567164;36.91217246;0.591750156;2.523982279;3230.215524;33.11940822;3265.440578;18.18848002;3235.330535;15.04709538;3138.228036;16.38257546
ROI_25_3.png;Esteatose Hepática;3.663387439;37.15308901;0.604489838;2.563884072;3260.109133;32.13183466;3277.517062;18.29018227;3245.856245;14.6485419;3150.047164;14.5275633
ROI_25_4.png;Esteatose Hepática;3.605457525;36.18371415;0.564674388;2.559523557;3266.945318;25.00605963;3282.243492;17.42546012;3246.659882;13.99017793;3149.630135;14.15430024
ROI_25_5.png;Esteatose Hepática;3.831564074;35.35628338;0.544165512;2.560106451;2934.742472;58.97705108;3000.475999;35.74448661;2997.815427;26.24884326;2921.074108;27.10086189
ROI_25_6.png;Esteatose Hepática;3.594893215;35.53180493;0.58435236;2.51454031;3295.390314;25.55095376;3300.622793;17.35090906;3262.794929;13.99416874;3170.076843;13.40135429
ROI_25_7.png;Esteatose Hepática;3.567612997;35.468237;0.607656952;2.509922507;3280.077209;26.73988052;3288.773497;16.15488099;3251.970121;14.28763862;3161.672815;13.77772934
ROI_25_8.png;Esteatose Hepática;3.665312479;38.90288171;0.563362379;2.58195051;3044.821022;46.38570955;3107.779405;28.62937903;3086.178331;23.88226033;3002.035178;21.52027627
ROI_25_9.png;Esteatose Hepática;3.821172709;37.03830487;0.518057119;2.599627617;3014.772299;52.5225055;3072.940169;31.96371857;3054.372149;25.68383106;2969.076636;23.85764406
ROI_26_0.png;Esteatose Hepática;6.605766961;19.98925159;0.541703073;2.579810051;3293.536145;36.30385066;3306.260932;27.61389859;3266.451432;22.05458384;3171.169547;21.95422294
ROI_26_1.png;Esteatose Hepática;6.026110605;20.9824814;0.553541726;2.570350525;3317.317678;36.72871282;3326.311121;23.68998791;3285.420006;21.06916013;3182.31607;19.8941947
ROI_26_2.png;Esteatose Hepática;5.253875019;24.85256349;0.559883724;2.561029107;3307.986976;33.51015902;3309.00688;22.75869811;3270.969685;19.56767275;3172.410835;18.56274338
ROI_26_3.png;Esteatose Hepática;6.38406885;20.6707246;0.52803491;2.577659322;3307.681537;34.40875339;3315.950751;24.97333266;3276.838072;22.29956787;3172.233353;20.25048671
ROI_26_4.png;Esteatose Hepática;5.181475858;24.52588646;0.541069281;2.566024175;3313.410492;30.56386385;3319.272748;20.49908412;3281.608547;18.42597805;3177.859213;17.78930747
ROI_26_5.png;Esteatose Hepática;5.662463331;23.37871364;0.544456323;2.563088383;3305.982105;34.36856219;3302.356885;22.36219905;3262.889168;20.79622085;3164.346644;19.57564255
ROI_26_6.png;Esteatose Hepática;4.927043685;26.78661753;0.535124304;2.576618836;3316.964516;30.04818609;3319.705394;20.82123498;3280.104531;18.76044685;3178.550419;17.83126689
ROI_26_7.png;Esteatose Hepática;7.01109677;19.24327532;0.49086083;2.611980076;3285.53522;35.5029204;3290.351347;27.26050335;3250.33178;24.51554226;3155.377374;22.7005978
ROI_26_8.png;Esteatose Hepática;5.667470578;22.73767171;0.515491239;2.580240248;3299.506915;32.13933825;3304.867422;20.3399035;3267.74592;19.15064722;3166.813675;19.38667381
ROI_26_9.png;Esteatose Hepática;6.137279671;21.13235611;0.517622807;2.577275451;3279.44884;36.56970457;3282.475737;27.43289944;3253.243505;21.14576103;3147.548444;21.43950073
ROI_27_0.png;Esteatose Hepática;5.953967772;23.12717092;0.554712516;2.593506657;3255.910972;36.63513365;3260.911958;24.92421054;3224.170656;21.52486764;3131.716902;21.05955719
ROI_27_1.png;Esteatose Hepática;4.747156622;27.4738648;0.617025023;2.55661477;3258.127858;31.42622684;3272.39218;20.12117089;3236.218919;18.21479093;3145.400827;17.82496875
ROI_27_2.png;Esteatose Hepática;4.679141493;27.79410896;0.625978148;2.541427911;3302.633586;30.87900258;3304.233026;19.8306563;3262.038623;17.54742325;3174.498648;15.86538891
ROI_27_3.png;Esteatose Hepática;4.824098783;27.74191159;0.606414798;2.564572417;3259.372085;33.08635463;3265.871367;21.23982928;3236.35837;17.51640555;3141.47288;17.640743
ROI_27_4.png;Esteatose Hepática;4.107337383;32.52327247;0.594536258;2.54285687;3295.598748;28.32065528;3294.732664;18.21641098;3267.200664;15.23275433;3169.909441;15.86664929
ROI_27_5.png;Esteatose Hepática;3.872455527;34.90638077;0.577615499;2.593625844;3309.567666;24.20568391;3310.882645;14.88367332;3272.481341;14.3049701;3169.207554;14.20928715
ROI_27_6.png;Esteatose Hepática;3.632205573;35.33903256;0.60391663;2.517965945;3298.981577;24.62632772;3303.019412;16.20109121;3265.824039;13.95239247;3168.252366;13.66360703
ROI_27_7.png;Esteatose Hepática;3.848496419;34.29884064;0.573814656;2.566220581;3285.331183;25.39518467;3291.423564;16.06664809;3257.908746;15.18510522;3166.270065;13.75079811
ROI_27_8.png;Esteatose Hepática;3.548957948;36.36336699;0.610131008;2.528938021;3312.681007;24.54938065;3317.556975;14.86767142;3281.190513;12.83172777;3180.031287;13.65706842
ROI_27_9.png;Esteatose Hepática;3.825671984;33.56048303;0.601796126;2.530222493;3280.291781;25.11219758;3283.158074;17.16354445;3256.083494;14.39570336;3156.919164;14.49408441
ROI_28_0.png;Esteatose Hepática;5.253231704;23.2048876;0.571333513;2.518050705;3306.17348;32.36876933;3312.451906;22.09699433;3278.357339;17.44016123;3181.552904;17.7799805
ROI_28_1.png;Esteatose Hepática;5.549630261;23.20164137;0.59552298;2.520802913;3311.753902;35.41015978;3320.588006;24.87930318;3280.399803;18.93962751;3182.3203;16.35258272
ROI_28_2.png;Esteatose Hepática;5.405831412;22.27965902;0.584122811;2.499665583;3308.660375;36.28456189;3318.931895;23.84503385;3280.980769;17.719593;3185.674911;17.95395504
ROI_28_3.png;Esteatose Hepática;5.898706;22.88517397;0.566335874;2.558928539;3290.281976;33.80528284;3293.452154;23.85654356;3255.632341;20.35997845;3159.817339;20.16241767
ROI_28_4.png;Esteatose Hepática;5.906827873;20.48069691;0.590428681;2.469007652;3313.272632;37.49315429;3324.126741;23.78710529;3291.631123;20.48266045;3190.957093;17.84533821
ROI_28_5.png;Esteatose Hepática;4.87171312;24.76927136;0.620637895;2.495621766;3330.998204;34.11397701;3339.113206;21.48796982;3295.170536;15.93403176;3191.181261;18.01780226
ROI_28_6.png;Esteatose Hepática;5.580041323;22.98321346;0.64349736;2.504632502;3297.2257;35.52563903;3318.92832;24.99575166;3280.717763;20.85698612;3176.754979;19.64374305
ROI_28_7.png;Esteatose Hepática;5.127480069;24.33690068;0.596380504;2.512575898;3327.919759;31.98461186;3332.19881;21.0966039;3289.699819;18.11479088;3189.134854;17.092042
ROI_28_8.png;Esteatose Hepática;5.177105722;24.43821469;0.624111993;2.546193174;3312.384938;35.31789284;3319.573741;23.64470947;3283.496561;19.08378865;3186.873186;18.3951725
ROI_28_9.png;Esteatose Hepática;5.333431576;24.19245112;0.583272747;2.538450281;3311.519185;32.25961861;3308.102904;22.06150561;3272.38785;18.62662268;3175.63942;18.86452288
ROI_29_0.png;Esteatose Hepática;4.054939901;32.28525201;0.532394629;2.577479875;3314.90025;26.1504197;3314.13773;15.81121588;3276.227888;15.20953036;3176.449934;16.17397011
ROI_29_1.png;Esteatose Hepática;3.644555461;33.34520769;0.539657935;2.509334842;3330.91536;23.71402753;3332.400632;14.22915399;3292.133522;12.79043579;3188.29032;13.63737488
ROI_29_2.png;Esteatose Hepática;3.876371479;36.22860617;0.466896372;2.655839617;3301.63803;22.6661355;3302.268573;14.81304511;3261.712331;14.96775848;3165.020185;14.6746067
ROI_29_3.png;Esteatose Hepática;4.674451883;27.96512834;0.51493287;2.584342164;3300.760787;27.45543526;3306.719001;21.73295254;3264.752886;17.39143123;3166.75683;16.92784691
ROI_29_4.png;Esteatose Hepática;4.100962767;32.52155219;0.461341795;2.61082748;3299.650967;26.39323683;3301.320829;17.54814769;3261.109602;15.63716341;3164.897144;15.85074493
ROI_29_5.png;Esteatose Hepática;3.983211741;32.02602152;0.520117824;2.577893755;3312.059404;23.57186237;3321.41501;17.90526055;3278.743298;15.49064007;3181.051659;13.47353617
ROI_29_6.png;Esteatose Hepática;4.117092138;31.2610157;0.52430159;2.572031195;3312.72247;23.91145435;3310.794965;17.14915376;3268.127208;15.22840479;3169.893371;15.68614067
ROI_29_7.png;Esteatose Hepática;4.430406155;29.93093616;0.500055623;2.619381066;3299.85039;23.10065846;3311.298001;19.04496042;3268.178301;16.39541613;3171.231923;15.10964905
ROI_29_8.png;Esteatose Hepática;4.521964115;30.67077283;0.4343956;2.650467713;3299.157864;24.16739352;3302.194602;18.58557675;3266.314035;15.97956396;3165.017604;15.75641222
ROI_29_9.png;Esteatose Hepática;4.28277617;31.64235816;0.477172734;2.610374949;3300.603373;23.78493132;3308.671404;17.11847544;3266.728522;15.12853107;3168.255207;15.72166749
ROI_30_0.png;Esteatose Hepática;3.534752508;36.33992323;0.578307766;2.544472172;3300.459111;25.72382421;3301.951;17.690197;3263.234661;14.66431209;3168.919379;13.42258236
ROI_30_1.png;Esteatose Hepática;4.481968477;28.82390942;0.546526761;2.541043974;3268.057326;28.48737276;3289.159686;20.01452878;3244.066578;15.83372324;3153.14135;17.06477834
ROI_30_2.png;Esteatose Hepática;4.36474161;30.5833896;0.518435056;2.584613144;3246.521054;29.91514733;3257.528384;19.12402713;3223.609954;16.68944735;3137.86735;17.52629088
ROI_30_3.png;Esteatose Hepática;3.977655103;34.06504977;0.571191943;2.575015311;3280.284621;26.42757399;3291.359621;18.0030738;3257.214748;15.44267903;3158.321371;14.01420943
ROI_30_4.png;Esteatose Hepática;3.791260269;35.48502084;0.530956914;2.586955339;3294.269313;22.85675193;3295.377585;16.33271688;3253.958911;15.00131155;3158.038452;14.60938709
ROI_30_5.png;Esteatose Hepática;4.293521213;32.18930044;0.487162744;2.615449237;3264.902115;23.57851739;3278.80558;18.38978958;3240.220452;16.55651423;3142.411663;16.1225705
ROI_30_6.png;Esteatose Hepática;4.34415276;31.47014735;0.495135897;2.60128992;3266.878246;27.78611378;3281.263946;17.86001658;3243.533187;15.94915575;3148.760973;15.37121794
ROI_30_7.png;Esteatose Hepática;4.339128554;31.24290004;0.573491213;2.57598674;3253.39731;29.73958223;3270.762948;19.48829307;3236.863381;15.89224809;3142.919896;16.30625973
ROI_30_8.png;Esteatose Hepática;3.914931103;32.7508147;0.554443555;2.552073897;3304.706945;26.69886214;3306.939174;15.78103739;3264.792153;14.95915009;3164.871188;14.29672758
ROI_30_9.png;Esteatose Hepática;3.723520485;37.95057257;0.529142119;2.621766104;3285.077014;23.28954499;3292.213877;16.62755442;3256.918565;14.70695244;3162.046756;15.62654121
ROI_31_0.png;Esteatose Hepática;4.627502539;29.21992744;0.499911432;2.605780281;3279.098813;26.95774628;3287.105594;18.87285107;3246.453799;18.22195936;3148.858595;17.48742915
ROI_31_1.png;Esteatose Hepática;4.408088884;30.6096839;0.522457038;2.619981043;3276.303732;24.95866041;3274.32361;19.98482279;3243.537545;17.77539928;3149.80035;15.9529073
ROI_31_2.png;Esteatose Hepática;3.873181348;34.166505;0.589678447;2.563511672;3294.229562;26.7112006;3303.885621;15.51861527;3266.167358;15.02029165;3169.537187;14.55125666
ROI_31_3.png;Esteatose Hepática;4.330580823;31.10981353;0.570722583;2.597950513;3279.767764;26.1380485;3282.133662;15.64160356;3249.385078;16.29341696;3152.026739;15.79276776
ROI_31_4.png;Esteatose Hepática;3.704447311;34.59742122;0.595107829;2.568792372;3299.173739;25.28122739;3306.738495;14.19918616;3266.081533;14.47599143;3166.178385;14.65641363
ROI_31_5.png;Esteatose Hepática;3.892349541;32.24831585;0.588317104;2.544841054;3281.584506;25.96539491;3295.651166;16.26803793;3250.135204;15.12443764;3159.189846;15.18700198
ROI_31_6.png;Esteatose Hepática;3.885803318;33.5727057;0.592658845;2.574157265;3256.939481;26.66222512;3280.560816;17.37473489;3243.325434;15.27984608;3149.965347;15.24935448
ROI_31_7.png;Esteatose Hepática;3.967700075;33.05717728;0.578195694;2.576678606;3272.704608;25.16277345;3287.702988;16.32106941;3255.829528;16.1479897;3160.260975;14.89505575
ROI_31_8.png;Esteatose Hepática;3.736847634;35.17686618;0.604714676;2.578515385;3281.377722;26.76376885;3289.215527;15.61220792;3248.482157;13.95817953;3155.599503;14.81789599
ROI_31_9.png;Esteatose Hepática;3.735031473;36.15919469;0.546015817;2.59564934;3287.015297;23.38523673;3292.987807;15.47496553;3258.956911;14.46356614;3159.050279;14.96250593
ROI_32_0.png;Esteatose Hepática;5.169025759;26.30814203;0.527540106;2.618176376;3283.928461;29.46094423;3288.35783;20.76187326;3255.681776;19.5569869;3157.642879;18.00927003
ROI_32_1.png;Esteatose Hepática;5.076940606;28.24592415;0.485388944;2.646429412;3278.088601;28.00846732;3277.072952;21.68383283;3234.024372;19.71169321;3140.62158;19.25578447
ROI_32_2.png;Esteatose Hepática;5.021383575;27.11593547;0.491219601;2.637734926;3262.760317;28.7345654;3276.874047;21.57113222;3236.769802;19.73146525;3149.68363;17.60930295
ROI_32_3.png;Esteatose Hepática;4.499818287;30.83185563;0.465497775;2.639186326;3290.11477;27.58533976;3294.012568;19.59740872;3254.210177;16.50392079;3155.395868;18.15547547
ROI_32_4.png;Esteatose Hepática;5.068550525;26.24499803;0.537126021;2.570958394;3286.809339;31.80243312;3288.002037;21.81960558;3258.331468;18.24142776;3161.802264;16.80370683
ROI_32_5.png;Esteatose Hepática;5.129347842;27.06605359;0.483401396;2.643192281;3262.286119;29.00594203;3261.150071;20.5058651;3230.805693;19.11207983;3136.679552;19.45081927
ROI_32_6.png;Esteatose Hepática;4.435565178;30.93381074;0.467438821;2.640556849;3296.892179;27.34738793;3294.626907;20.52657582;3256.667072;17.78951841;3161.554604;16.83240694
ROI_32_7.png;Esteatose Hepática;5.421126428;25.29608713;0.531674911;2.659356858;3269.889343;29.25347489;3279.381623;21.7525328;3238.832858;20.41295969;3149.557048;19.24756481
ROI_32_8.png;Esteatose Hepática;4.524647006;30.02588251;0.552383136;2.594705028;3283.319908;28.61077157;3286.047395;21.1494314;3252.493489;17.78560271;3168.241308;16.03216577
ROI_32_9.png;Esteatose Hepática;4.698138584;28.68316171;0.478481759;2.630227228;3289.115401;29.14905207;3289.699733;19.89803381;3254.514965;17.33560244;3159.967899;18.03889326
ROI_33_0.png;Esteatose Hepática;3.582221908;36.67784822;0.504743606;2.605940197;3305.548868;23.79237863;3309.671688;17.66002676;3268.970155;13.93756958;3170.107314;11.69168045
ROI_33_1.png;Esteatose Hepática;3.633194517;36.08570467;0.495005185;2.630434108;3293.782488;22.11854589;3294.988546;15.66038681;3257.585587;12.51314246;3155.45832;14.18834606
ROI_33_2.png;Esteatose Hepática;3.511242538;37.30450118;0.521802207;2.593932856;3294.365588;23.21329565;3295.075992;15.28313815;3257.716572;13.45011084;3158.983579;12.75700838
ROI_33_3.png;Esteatose Hepática;3.432855752;37.99030922;0.480303782;2.617636384;3297.272238;19.35649455;3303.043899;14.5730258;3264.598999;12.50716001;3169.550488;11.98995473
ROI_33_4.png;Esteatose Hepática;3.813965281;34.35367549;0.491118151;2.606117526;3288.658025;24.38245325;3299.345312;15.24442785;3256.356912;13.5703076;3163.435126;13.19099696
ROI_33_5.png;Esteatose Hepática;3.652923326;36.44760365;0.51168726;2.618262267;3289.124731;21.60572449;3294.399965;15.5271068;3250.473321;13.47459191;3157.029936;13.78688809
ROI_33_6.png;Esteatose Hepática;4.032803647;31.72246739;0.517397161;2.604727006;3292.253585;23.3196917;3298.734328;16.61083742;3264.168763;15.78011676;3164.027436;14.43791506
ROI_33_7.png;Esteatose Hepática;3.786192641;34.88970858;0.504038813;2.63099614;3282.788812;22.60968961;3298.560658;17.01660185;3248.065012;14.50387294;3159.211878;13.21077155
ROI_33_8.png;Esteatose Hepática;3.607508566;34.11236741;0.594298441;2.511836787;3267.312103;25.77695322;3286.193897;17.13872596;3253.901659;13.42407111;3159.894206;14.02273654
ROI_33_9.png;Esteatose Hepática;3.963537527;31.67735092;0.602597692;2.538983727;3300.825886;30.13276979;3316.839853;18.82407632;3272.211239;15.97235869;3175.082464;14.88411496
ROI_34_0.png;Esteatose Hepática;6.33715748;21.64878802;0.597976094;2.57770867;3236.46414;39.84057797;3252.47163;26.08582101;3218.923489;23.90932156;3126.895359;21.13428756
ROI_34_1.png;Esteatose Hepática;4.586903044;29.77833056;0.611448054;2.592513471;3274.996247;32.44429887;3289.893894;22.00914888;3256.693842;17.60926456;3166.918444;15.98080957
ROI_34_2.png;Esteatose Hepática;4.382807891;29.74061349;0.603866054;2.557963135;3268.995992;28.36302887;3289.983412;18.26369273;3259.743004;17.48389316;3160.562169;14.98517728
ROI_34_3.png;Esteatose Hepática;5.677453763;21.60907418;0.627435871;2.49428556;3258.503157;37.7168581;3275.606323;26.4599977;3245.500243;20.83266982;3148.29366;21.48218648
ROI_34_4.png;Esteatose Hepática;5.944141151;21.46612752;0.623144596;2.52343881;3257.458023;38.46461925;3275.878285;23.08292846;3239.403831;21.11848959;3150.334678;20.66180478
ROI_34_5.png;Esteatose Hepática;5.538374809;23.9966148;0.622570013;2.56930247;3270.464193;34.12820206;3276.240804;22.82873317;3240.209217;19.91119861;3151.46042;19.85497546
ROI_34_6.png;Esteatose Hepática;6.502257464;20.97168289;0.574600987;2.569581508;3210.480074;36.63522388;3237.42802;25.33001414;3205.723999;21.83114826;3117.697081;22.69767738
ROI_34_7.png;Esteatose Hepática;4.81575116;27.40640773;0.626205981;2.556304339;3269.503735;35.30986041;3288.383351;22.61953521;3252.225247;17.75225868;3147.322795;18.89641926
ROI_34_8.png;Esteatose Hepática;5.129806179;26.16778251;0.522303763;2.604831445;3292.992511;30.05097097;3296.17412;20.82246922;3255.968996;19.82994649;3158.506783;18.71700328
ROI_34_9.png;Esteatose Hepática;4.81062121;28.26061925;0.550690524;2.614045432;3284.896728;29.66772865;3293.890365;19.19431025;3260.173776;17.49913511;3159.883377;16.76115554
ROI_35_0.png;Esteatose Hepática;3.681501307;34.06469599;0.599709779;2.526593661;3285.811101;25.55988732;3299.819709;16.18963181;3265.477447;14.04060813;3168.537307;14.43354746
ROI_35_1.png;Esteatose Hepática;4.058280567;32.02083688;0.6230523;2.521900483;3246.60578;26.73502036;3265.891354;18.71796718;3230.184152;14.6650111;3137.195022;16.61496237
ROI_35_2.png;Esteatose Hepática;3.141594713;37.52629883;0.69153363;2.450289722;3320.043814;24.77015749;3326.622613;15.21917205;3292.976016;13.40046829;3191.51742;11.89106569
ROI_35_3.png;Esteatose Hepática;4.621098527;27.61596565;0.630923374;2.506191249;3247.562342;32.95597443;3281.270131;20.79668301;3243.954957;17.5829392;3156.504931;15.39928401
ROI_35_4.png;Esteatose Hepática;3.957496092;31.74172006;0.670103963;2.467789834;3255.064592;33.04879774;3271.706533;21.66140433;3256.360359;16.15640624;3157.462143;13.89878474
ROI_35_5.png;Esteatose Hepática;3.609949086;32.87735897;0.588723658;2.460756857;3264.359096;27.60859367;3286.147861;19.2914542;3246.418556;14.40093802;3153.403212;14.8987039
ROI_35_6.png;Esteatose Hepática;3.679423918;35.35283784;0.676103622;2.538559098;3277.994236;26.01864994;3294.780945;17.86837243;3260.848152;12.7066293;3164.121907;14.3592058
ROI_35_7.png;Esteatose Hepática;3.919138106;31.96969135;0.580040505;2.529384209;3285.229734;27.71251029;3296.574462;18.88315258;3260.212798;14.92904542;3166.117908;14.45412854
ROI_35_8.png;Esteatose Hepática;3.798281292;35.91262504;0.642027061;2.577622641;3288.331742;26.78136771;3302.939693;17.47965928;3270.891422;14.78684406;3166.703052;14.19228243
ROI_35_9.png;Esteatose Hepática;4.661408529;27.74395383;0.61148763;2.527730504;3272.344646;30.79005984;3278.636896;20.24134074;3246.772084;16.73894029;3157.419874;15.33232727
ROI_36_0.png;Esteatose Hepática;3.010964426;43.02086957;0.598139801;2.48910567;2972.90585;56.85913446;3043.01011;35.51057692;3031.289286;26.54684534;2972.456104;23.78047417
ROI_36_1.png;Esteatose Hepática;2.773820415;47.29610674;0.588990261;2.545042614;3235.19449;27.3512853;3274.694905;16.04352596;3245.495789;12.44652948;3149.499524;11.52153082
ROI_36_2.png;Esteatose Hepática;3.697799594;37.00924321;0.625182033;2.555478022;3276.526941;24.46376427;3282.288247;15.80488088;3253.938013;14.76521965;3155.539873;14.0134305
ROI_36_3.png;Esteatose Hepática;2.706802753;43.5506152;0.572246396;2.478592913;3245.956374;30.83544331;3273.930488;16.86906958;3247.871911;12.59027304;3152.014903;12.83231353
ROI_36_4.png;Esteatose Hepática;3.519032435;37.40872031;0.583534614;2.579913556;3279.956971;24.00243529;3292.842737;16.22142431;3249.300645;13.84278048;3154.66752;12.46773538
ROI_36_5.png;Esteatose Hepática;3.899921029;36.29486216;0.546402042;2.55849396;2760.096486;68.34035807;2834.860637;43.68908401;2830.297656;40.4901831;2770.324829;39.83764627
ROI_36_6.png;Esteatose Hepática;3.318489792;39.92458873;0.574171039;2.591647872;3294.938871;23.73480386;3304.733275;14.56223891;3266.470623;13.59807015;3158.141078;12.46180017
ROI_36_7.png;Esteatose Hepática;2.968661031;44.03799877;0.571860963;2.546851797;3278.335372;25.13129869;3296.809034;14.90365734;3257.850734;13.1132689;3161.102102;11.38728274
ROI_36_8.png;Esteatose Hepática;3.837689996;33.62139675;0.587955956;2.543416514;3273.639292;28.64738862;3287.108705;16.28429817;3247.74634;16.04354773;3152.571418;14.34135633
ROI_36_9.png;Esteatose Hepática;3.004777427;42.31322546;0.602264448;2.541054508;3152.897128;36.89935886;3194.225466;20.05455405;3174.164322;15.04267509;3091.012328;15.75883089
ROI_37_0.png;Esteatose Hepática;3.951870068;33.0814443;0.526559693;2.585269282;3305.403916;24.40141364;3312.323504;16.90537673;3277.180888;14.94932707;3176.359896;14.06236658
ROI_37_1.png;Esteatose Hepática;3.601261523;35.91963412;0.619485753;2.567918117;3328.684228;23.2635984;3332.576013;14.95991432;3283.180981;14.21868936;3182.147897;13.79427295
ROI_37_2.png;Esteatose Hepática;3.404981636;36.48471436;0.652385605;2.507123118;3317.288738;24.03523342;3325.395411;15.7250414;3291.622201;12.53730724;3188.178359;12.91468139
ROI_37_3.png;Esteatose Hepática;3.911412448;33.54798684;0.551946669;2.564675583;3305.634752;26.45835491;3306.652731;18.53802644;3273.623335;14.49747708;3173.403684;13.91144494
ROI_37_4.png;Esteatose Hepática;3.743226558;33.63233512;0.597603145;2.504808221;3314.382546;27.84449029;3320.950851;16.99867764;3290.717685;13.39092677;3184.432813;13.59768595
ROI_37_5.png;Esteatose Hepática;3.730131533;32.71187925;0.658169957;2.474660574;3310.213732;29.14940213;3327.81071;17.46286182;3283.503898;12.71514644;3180.023987;13.46110226
ROI_37_6.png;Esteatose Hepática;4.216960461;30.34703864;0.653774159;2.511585617;3290.632595;30.04657364;3300.860621;17.90308288;3272.084901;14.44028133;3175.146296;15.85666176
ROI_37_7.png;Esteatose Hepática;3.87812295;33.07855935;0.613624047;2.522214886;3316.678514;26.26548833;3322.00864;16.66439372;3281.633118;15.25144432;3180.894861;15.42365359
ROI_37_8.png;Esteatose Hepática;3.897631949;32.27265674;0.646119766;2.506574521;3305.525897;29.41504302;3323.619365;18.39503129;3281.761233;13.8296536;3182.574389;15.3668561
ROI_37_9.png;Esteatose Hepática;3.297191343;36.86549327;0.686156231;2.47704613;3278.798156;23.73625204;3297.706052;15.97221455;3270.178784;11.67425482;3171.464583;11.75880723
ROI_38_0.png;Esteatose Hepática;5.282008348;25.50222898;0.470052469;2.615883667;3223.189594;32.17905856;3236.759578;20.8058558;3205.257273;19.46112991;3120.392785;19.02203729
ROI_38_1.png;Esteatose Hepática;3.730859696;33.71084617;0.549335837;2.543915294;3310.169073;26.72815353;3315.381914;15.77162184;3270.445167;15.7449647;3177.636131;14.01204688
ROI_38_2.png;Esteatose Hepática;3.874126753;32.87602083;0.541561668;2.572131901;3302.0742;23.86133317;3299.239172;17.24819505;3263.89221;14.82191508;3167.964697;14.86377846
ROI_38_3.png;Esteatose Hepática;3.788695231;34.71212869;0.550718879;2.585487625;3301.747015;23.99095975;3300.373354;17.31158241;3265.105086;13.7374708;3167.334766;13.8201173
ROI_38_4.png;Esteatose Hepática;3.444040763;35.33478985;0.585986211;2.498458681;3311.227129;24.02642794;3316.368722;17.20423173;3279.281083;13.68020942;3182.73214;12.81316174
ROI_38_5.png;Esteatose Hepática;3.554788723;36.86343906;0.560964784;2.567713569;3310.926327;26.5111297;3308.671185;15.51761943;3267.902791;13.506893;3168.731281;13.58230372
ROI_38_6.png;Esteatose Hepática;4.090928144;31.70211551;0.535441559;2.565408573;3291.653828;25.73013008;3290.459879;19.32119615;3254.651012;16.05734227;3160.241634;15.80501374
ROI_38_7.png;Esteatose Hepática;4.084535246;32.20573074;0.540813954;2.5909367;3284.159909;26.73852457;3292.557364;18.2805615;3254.997749;14.74078971;3153.996519;15.72204557
ROI_38_8.png;Esteatose Hepática;4.614311886;29.80837084;0.547663156;2.644226696;3249.541672;31.07512357;3263.713155;19.41468019;3222.867648;19.36908711;3128.572762;18.77864108
ROI_38_9.png;Esteatose Hepática;4.233900779;31.48771258;0.569833441;2.6332623;3297.069142;26.81258011;3298.55057;18.1515297;3258.919228;15.51361365;3160.528983;15.50385399
ROI_39_0.png;Esteatose Hepática;3.584818494;36.14765448;0.506945202;2.597336007;3283.804991;25.00665107;3291.344622;16.89910441;3249.682548;14.31137451;3156.089158;14.10746466
ROI_39_1.png;Esteatose Hepática;3.276673123;41.33289449;0.489081709;2.610335714;3301.918287;20.82293792;3300.757331;15.19045001;3260.533469;14.32796871;3168.833509;11.75025295
ROI_39_2.png;Esteatose Hepática;3.298828474;40.3452667;0.505524811;2.590751002;3296.064441;20.25213884;3300.8453;13.21098836;3258.820815;13.09022233;3160.567578;12.64912866
ROI_39_3.png;Esteatose Hepática;3.584138152;37.07236047;0.495755378;2.586328264;3297.646364;23.92558453;3299.630469;13.64826577;3260.383256;14.60188173;3160.787997;13.55195125
ROI_39_4.png;Esteatose Hepática;3.630484483;37.40003103;0.498455292;2.600464362;3292.474142;21.38395858;3296.328452;16.29381271;3259.245887;15.07426312;3164.523363;13.85904076
ROI_39_5.png;Esteatose Hepática;3.94304502;35.23432207;0.465394028;2.650472325;3278.012805;22.49659652;3285.429119;15.61281522;3246.895822;15.99486424;3151.778096;15.64970673
ROI_39_6.png;Esteatose Hepática;3.388997767;39.33594045;0.48228128;2.600034495;3282.923822;22.35465848;3289.185476;17.25168614;3256.810546;13.0450922;3162.569114;13.70508557
ROI_39_7.png;Esteatose Hepática;3.50212429;39.17121473;0.501642155;2.623762911;3293.604896;21.26050844;3304.096942;15.74248528;3258.37736;14.02044596;3158.15049;14.07928149
ROI_39_8.png;Esteatose Hepática;3.677898589;37.94668673;0.485629341;2.659871713;3280.632475;20.72707595;3284.028106;16.04044524;3248.786336;14.62187489;3150.915417;13.01306929
ROI_39_9.png;Esteatose Hepática;3.352150107;40.5572603;0.50706544;2.614182922;3297.694842;22.90296148;3299.599288;15.0830892;3256.929421;13.06168762;3161.279862;13.15738763
ROI_40_0.png;Esteatose Hepática;3.928139935;30.3345107;0.639712668;2.480629196;3314.286294;26.91129412;3318.331161;16.39584397;3279.688402;13.7176814;3188.723398;15.42625229
ROI_40_1.png;Esteatose Hepática;4.194538448;30.64778928;0.69400953;2.530530944;3313.145337;32.34581123;3324.736891;18.15396584;3285.291797;15.50532635;3186.945639;15.55747473
ROI_40_2.png;Esteatose Hepática;4.590488918;27.63752556;0.667675319;2.49046151;3294.275832;36.48705831;3308.993413;22.24788256;3278.864599;16.88242192;3177.683912;16.97337827
ROI_40_3.png;Esteatose Hepática;5.365190559;23.19589309;0.680643419;2.506403244;3273.687831;36.91641073;3293.227757;23.08050403;3254.680837;19.7846819;3166.78709;17.939939
ROI_40_4.png;Esteatose Hepática;5.132150479;24.65134997;0.68731898;2.501003997;3287.692849;38.01013341;3315.094303;23.13959536;3274.1677;17.92921862;3178.14752;17.93065926
ROI_40_5.png;Esteatose Hepática;5.903550603;21.47506974;0.633370766;2.520878431;3270.43223;38.22397161;3282.579943;27.19091168;3257.684061;20.41359052;3159.382482;19.74094018
ROI_40_6.png;Esteatose Hepática;5.223882315;24.85428433;0.634535535;2.533026022;3291.261196;34.54648264;3296.320505;22.14425538;3265.627073;18.11599218;3161.960672;18.90981346
ROI_40_7.png;Esteatose Hepática;4.541723832;28.32667211;0.694394853;2.487073933;3277.708436;37.02181101;3300.478701;21.73191195;3265.483293;17.18228171;3173.161647;16.53744405
ROI_40_8.png;Esteatose Hepática;4.981116912;26.43287664;0.530022395;2.572040416;3278.629836;28.36769464;3284.247219;20.54089325;3254.524235;18.53659921;3158.55029;18.56206872
ROI_40_9.png;Esteatose Hepática;3.915554133;30.63904779;0.685823395;2.476176023;3300.090629;32.67798347;3319.38024;20.25473724;3286.050788;14.3772878;3184.224431;14.18777906
ROI_41_0.png;Esteatose Hepática;3.699812858;34.21020763;0.579806968;2.550196137;3315.357574;24.57316201;3322.107398;15.64197035;3276.987547;13.72094905;3181.788997;12.54533194
ROI_41_1.png;Esteatose Hepática;4.420698484;29.51188369;0.514717239;2.585895707;3266.687927;27.14566931;3275.669685;17.31244629;3248.128047;15.97479817;3153.662625;16.16656962
ROI_41_2.png;Esteatose Hepática;3.919945603;32.38444689;0.592294547;2.513561251;3304.324786;30.46934906;3311.338408;18.37037101;3273.45559;15.54856794;3173.655212;13.16152812
ROI_41_3.png;Esteatose Hepática;4.004649926;32.56062985;0.581789535;2.537178466;3296.391814;30.04815105;3308.896432;19.418452;3272.676299;14.39042718;3174.077433;13.83664155
ROI_41_4.png;Esteatose Hepática;3.971036048;31.44837973;0.531774929;2.593500838;3279.845108;27.67793185;3295.531778;18.03332979;3254.058945;14.97598392;3160.880865;14.89172054
ROI_41_5.png;Esteatose Hepática;4.151463901;31.52196899;0.628015655;2.511654167;3276.392877;30.17358886;3286.242101;17.98728803;3249.606573;16.1392857;3158.777914;15.68306182
ROI_41_6.png;Esteatose Hepática;3.759567141;34.30129517;0.576004372;2.506130107;3310.05544;25.06862449;3317.519293;18.53291336;3275.509537;14.08207603;3179.256358;14.31677386
ROI_41_7.png;Esteatose Hepática;4.451562228;29.58807354;0.526815422;2.5893497;3275.945497;27.79297393;3283.765718;17.69021979;3249.151076;17.09264419;3155.355126;15.32760953
ROI_41_8.png;Esteatose Hepática;4.757397625;26.87597985;0.616702263;2.512672021;3269.303091;30.98666625;3292.08288;21.29988147;3256.97176;17.97967568;3160.817887;15.76290465
ROI_41_9.png;Esteatose Hepática;3.802872074;34.51082314;0.58263982;2.558643671;3301.480555;25.74009171;3307.844834;18.2772052;3275.029901;15.09833027;3174.227456;13.36806078
ROI_42_0.png;Esteatose Hepática;3.396390345;39.49691532;0.588659392;2.566054772;3296.981926;23.14654001;3305.801211;13.69210989;3256.725485;13.33330762;3164.805629;13.54294049
ROI_42_1.png;Esteatose Hepática;3.4312154;39.06751556;0.563473152;2.592776707;3296.505679;24.07173142;3298.663531;14.83885948;3264.740881;12.58185132;3163.255214;14.0387023
ROI_42_2.png;Esteatose Hepática;4.350370887;31.62445863;0.56858822;2.614651838;3247.500721;29.55503712;3262.618154;17.94787018;3228.088036;16.50552043;3137.379588;17.36147912
ROI_42_3.png;Esteatose Hepática;4.301060806;32.48226954;0.607499755;2.596978076;3234.976557;31.34118118;3262.561758;19.97592291;3215.558337;17.64599489;3126.738319;17.35758761
ROI_42_4.png;Esteatose Hepática;3.544075233;37.5006679;0.648498993;2.559675866;3279.944986;26.85540768;3291.253078;15.41890032;3254.912784;13.7446131;3161.740938;14.10477287
ROI_42_5.png;Esteatose Hepática;3.157659111;42.56700664;0.538338543;2.586030224;3311.367405;20.138463;3316.173317;13.50632151;3277.561999;13.13128429;3180.285529;11.88178597
ROI_42_6.png;Esteatose Hepática;4.272705973;31.45878422;0.53525845;2.593431323;3250.385999;25.415116;3265.990932;20.32856943;3230.14534;16.28929365;3135.983427;16.46607301
ROI_42_7.png;Esteatose Hepática;4.012814142;32.87274602;0.591712085;2.52603745;3259.485936;26.63014712;3288.034053;19.34547609;3253.429322;15.77015231;3151.626138;14.34568064
ROI_42_8.png;Esteatose Hepática;3.979983846;33.22151586;0.536932038;2.538104574;3272.548612;25.62703827;3284.240817;17.14032698;3244.160264;15.47514499;3146.194368;13.97219334
ROI_42_9.png;Esteatose Hepática;3.549046867;37.19580191;0.58063974;2.556276049;3294.339824;23.84463836;3301.120241;15.79305836;3263.994889;13.14190208;3167.020489;13.78282292
ROI_43_0.png;Esteatose Hepática;5.226770829;24.61976868;0.587734994;2.553508529;3294.822224;30.27262373;3311.446408;20.06684368;3268.942115;18.7408836;3164.76171;19.125581
ROI_43_1.png;Esteatose Hepática;5.940635244;21.58758688;0.547851651;2.532062076;3256.122417;35.71335195;3277.017048;24.43130511;3239.507153;21.22800496;3141.809307;21.22669065
ROI_43_2.png;Esteatose Hepática;4.973411687;25.88789349;0.569497274;2.533290704;3270.329241;30.37958218;3288.800125;21.83502245;3250.603008;19.26629568;3154.914026;18.35752987
ROI_43_3.png;Esteatose Hepática;5.396632844;23.43576032;0.57069643;2.513761393;3276.973207;35.91028396;3291.66815;23.4785488;3255.348322;19.33209315;3156.730412;20.8395431
ROI_43_4.png;Esteatose Hepática;5.348707682;24.93050895;0.612643194;2.540330055;3287.618686;35.89698038;3287.142841;23.71513705;3251.987457;18.83906589;3164.468665;18.80883489
ROI_43_5.png;Esteatose Hepática;4.915020363;24.91005572;0.593730658;2.53318606;3283.683503;31.31916107;3297.17615;20.47472284;3258.748429;17.34784195;3164.9334;17.54179697
ROI_43_6.png;Esteatose Hepática;5.146564679;25.80686902;0.633817839;2.559312095;3287.289714;35.80523669;3293.572676;21.78648768;3254.796019;17.14846569;3159.522118;18.58399648
ROI_43_7.png;Esteatose Hepática;4.87443414;26.03108821;0.593539248;2.515323262;3292.773382;31.67445971;3306.473019;20.42948235;3267.583401;17.18735964;3170.406008;17.69941034
ROI_43_8.png;Esteatose Hepática;4.15724701;29.99414095;0.592578795;2.508104483;3293.459192;28.29007449;3298.002286;17.09189694;3264.39886;14.56100512;3174.997844;16.03750557
ROI_43_9.png;Esteatose Hepática;5.077463054;25.41397645;0.581915245;2.541621868;3277.672259;32.34269591;3282.257944;20.1150514;3244.869546;18.80591726;3150.711327;18.38910016
ROI_44_0.png;Esteatose Hepática;5.086622301;25.04224825;0.627250165;2.512011255;3269.465183;33.16464681;3285.730325;21.90135114;3258.257074;18.62564294;3152.785446;18.24476012
ROI_44_1.png;Esteatose Hepática;4.71303194;26.37365475;0.667095363;2.499073386;3290.98132;31.1941824;3305.043096;19.53095401;3274.358715;16.28179046;3176.364308;16.9081865
ROI_44_2.png;Esteatose Hepática;5.357161148;24.31640448;0.619400628;2.505529177;3275.976463;36.32898197;3288.293138;21.35984318;3260.969566;19.33395107;3169.039301;17.3625199
ROI_44_3.png;Esteatose Hepática;4.557852509;28.91690153;0.599740968;2.554390107;3274.376727;30.41767876;3291.747691;20.76872935;3250.693824;16.6772442;3156.847324;17.43282379
ROI_44_4.png;Esteatose Hepática;4.917613291;25.31691158;0.625259654;2.485869531;3284.824032;31.96519913;3296.457513;20.256128;3260.35776;16.23371467;3162.136886;18.66399415
ROI_44_5.png;Esteatose Hepática;4.537122907;27.66785039;0.617225266;2.515853336;3291.712124;29.9268298;3300.946677;20.67483857;3269.616136;18.57091936;3170.963371;16.66840672
ROI_44_6.png;Esteatose Hepática;5.422503358;25.30842377;0.552428294;2.621215816;3286.248717;32.50375891;3282.510244;21.96178441;3245.608734;19.57961406;3150.520031;20.06016211
ROI_44_7.png;Esteatose Hepática;4.210305003;29.6188489;0.612161851;2.539815645;3304.546707;27.41146023;3313.682679;17.25893585;3277.576021;14.87299146;3177.527485;15.33880172
ROI_44_8.png;Esteatose Hepática;4.556869798;27.71168018;0.604769904;2.552934692;3251.528991;34.04160551;3272.152676;19.36746092;3229.056901;16.49649528;3135.075468;17.80665963
ROI_44_9.png;Esteatose Hepática;5.318940959;25.83267479;0.556192069;2.607976701;3259.213509;31.30803873;3261.516558;20.64659249;3227.170483;20.6569667;3133.030309;21.04656432
ROI_45_0.png;Esteatose Hepática;3.832404853;33.57568315;0.596685013;2.55645319;3293.38393;28.75071793;3306.659147;16.90328928;3265.564305;14.37298468;3169.534474;12.70536976
ROI_45_1.png;Esteatose Hepática;3.935694881;31.26519501;0.532454025;2.558283788;3298.036932;25.68689265;3300.337679;16.93943083;3259.681512;13.9091565;3165.571177;14.42931291
ROI_45_2.png;Esteatose Hepática;3.846425762;32.82888693;0.549316939;2.569305153;3300.352401;23.80197605;3301.929836;17.56778492;3262.87304;14.55231685;3165.424642;14.79951571
ROI_45_3.png;Esteatose Hepática;3.710918824;34.30325932;0.539620269;2.548339354;3310.131222;25.4133352;3311.233081;17.34510302;3265.775833;14.97466515;3173.697547;13.4955566
ROI_45_4.png;Esteatose Hepática;3.675871193;34.06019746;0.57537853;2.556390682;3330.400092;24.84933342;3329.947088;16.21739046;3287.055859;13.72562703;3186.53112;12.64138762
ROI_45_5.png;Esteatose Hepática;3.447356427;34.50059072;0.621383592;2.480560729;3330.860582;25.61484445;3337.261802;16.84117335;3297.817991;12.38733575;3195.219806;11.8309464
ROI_45_6.png;Esteatose Hepática;3.674887858;33.49937408;0.521049338;2.557431138;3319.706638;23.68400591;3320.645853;17.17790687;3282.438887;14.0529521;3180.603123;13.23949875
ROI_45_7.png;Esteatose Hepática;3.227035068;37.51786824;0.558673075;2.539200788;3318.317076;23.259074;3324.64489;14.49802067;3286.0942;13.38491206;3184.517131;12.55132575
ROI_45_8.png;Esteatose Hepática;3.706667409;36.09330283;0.582852826;2.581844433;3316.140419;27.03412288;3318.864266;15.29640389;3277.72192;14.97739017;3180.770647;13.56914042
ROI_45_9.png;Esteatose Hepática;3.698735492;34.23565718;0.614127952;2.506913688;3296.804802;26.10979577;3316.600011;15.51124666;3276.356495;13.31723187;3179.566068;12.12955043
ROI_46_0.png;Esteatose Hepática;4.398133361;27.46210758;0.602829941;2.506791319;3322.123168;31.62872197;3330.710932;18.6639473;3289.282783;15.39205932;3192.328447;15.10054908
ROI_46_1.png;Esteatose Hepática;5.727754179;22.51531258;0.590041298;2.534725613;3262.454867;36.67152887;3267.183228;24.62022462;3238.64297;20.22397711;3147.872194;21.4472164
ROI_46_2.png;Esteatose Hepática;5.041427115;25.22909386;0.62782798;2.530624877;3305.463925;34.42499135;3321.4507;22.19583508;3281.254778;19.54897006;3186.006726;17.48338081
ROI_46_3.png;Esteatose Hepática;6.069105098;22.50881444;0.549553589;2.612682891;3255.435173;37.78235169;3273.033403;24.49654776;3241.523991;22.64682865;3147.172399;22.10408063
ROI_46_4.png;Esteatose Hepática;6.270357338;21.11937611;0.525161432;2.592642403;3267.187071;35.88486353;3273.404687;25.95864862;3238.681451;22.84379479;3140.358342;22.40287406
ROI_46_5.png;Esteatose Hepática;5.230399495;24.66498239;0.581498855;2.545634925;3305.056439;31.08505307;3308.503542;19.72863355;3268.64782;18.5906317;3171.054513;18.60837526
ROI_46_6.png;Esteatose Hepática;4.956562853;26.21593466;0.595935227;2.502265554;3311.871859;32.13604777;3326.712128;20.57974851;3279.797885;17.72827181;3181.176353;16.58208291
ROI_46_7.png;Esteatose Hepática;4.943304696;28.19472355;0.652333981;2.574817338;3275.225043;31.41422571;3288.881142;18.94178963;3263.937591;19.0749431;3159.451611;19.3465034
ROI_46_8.png;Esteatose Hepática;4.984923954;27.78265257;0.67288085;2.574075006;3271.314411;37.88861992;3294.112523;21.19019666;3256.838161;19.36349767;3162.826204;16.59690149
ROI_46_9.png;Esteatose Hepática;4.785063156;26.09347175;0.669919255;2.488288002;3276.729246;34.17718579;3285.424647;19.60043278;3259.224806;17.48678512;3161.388739;17.30797367
ROI_47_0.png;Esteatose Hepática;7.474864594;18.78361315;0.570788529;2.596041555;3240.833897;39.89578149;3256.557918;27.41157749;3219.459945;26.85066833;3129.383927;27.92293865
ROI_47_1.png;Esteatose Hepática;5.839289895;22.79489936;0.566224179;2.600793198;3281.111212;35.30833018;3291.661019;24.27380061;3257.777315;21.10022862;3156.384749;22.34394629
ROI_47_2.png;Esteatose Hepática;5.163953581;23.70736579;0.627252716;2.533203611;3283.566157;32.05911206;3300.725364;21.38331545;3267.526283;16.70664948;3164.489873;20.04859904
ROI_47_3.png;Esteatose Hepática;5.655447735;21.59075473;0.636659925;2.500819832;3272.771324;36.43000816;3288.016581;24.32553659;3254.786966;19.89509754;3159.178331;21.44473482
ROI_47_4.png;Esteatose Hepática;5.457028786;24.35471597;0.616925241;2.537631349;3264.927334;34.65259341;3296.933925;22.65329237;3261.13971;20.47465049;3168.548422;18.02709309
ROI_47_5.png;Esteatose Hepática;5.332063332;24.90335621;0.606654534;2.563245715;3289.609433;32.13643278;3296.607427;20.87855928;3261.44409;19.72447895;3160.947774;20.29364014
ROI_47_6.png;Esteatose Hepática;6.134343676;20.84236195;0.604513346;2.518272843;3257.116514;39.69083744;3285.368653;26.10223269;3253.458965;19.76285547;3156.887424;22.02127626
ROI_47_7.png;Esteatose Hepática;5.640300275;23.31666701;0.556758943;2.590655827;3276.081387;32.93518208;3286.274111;21.04366806;3250.752229;19.14118148;3151.361748;21.06379028
ROI_47_8.png;Esteatose Hepática;5.323227592;24.25021844;0.627162829;2.518484534;3304.088973;36.68331533;3310.960046;20.98717118;3268.452045;18.97079308;3170.677497;18.44866138
ROI_47_9.png;Esteatose Hepática;5.871582408;21.78784287;0.651899043;2.517796387;3283.207133;38.68105332;3298.329903;25.17857717;3266.632846;21.25483463;3164.826649;21.10182612
ROI_48_0.png;Esteatose Hepática;5.302481314;23.73958202;0.614728441;2.528602892;3289.576375;34.68940737;3300.204042;22.74556494;3268.735513;18.88793694;3167.120995;17.7183189
ROI_48_1.png;Esteatose Hepática;5.825699843;22.39237055;0.602758165;2.521904628;3249.412101;36.95495726;3263.804792;24.40743323;3230.998193;21.91770016;3143.219941;20.06966312
ROI_48_2.png;Esteatose Hepática;6.007650609;21.25367889;0.593132657;2.492561902;3283.801214;35.98081754;3293.79834;24.29112359;3255.569155;20.6921634;3163.453836;20.11027906
ROI_48_3.png;Esteatose Hepática;5.106559916;25.23216469;0.570400515;2.55539135;3282.904655;30.56546883;3294.50565;20.68305262;3253.085367;19.01022323;3155.840758;18.17587049
ROI_48_4.png;Esteatose Hepática;6.121067834;20.66553649;0.593952974;2.516519114;3273.518132;36.81111614;3284.544012;27.20912015;3255.081134;20.84319079;3161.962154;21.39764459
ROI_48_5.png;Esteatose Hepática;6.432715905;20.94548999;0.596508746;2.550704386;3251.112875;40.23716591;3270.908064;27.36237552;3232.903709;23.07674216;3141.703908;22.31601378
ROI_48_6.png;Esteatose Hepática;4.733728463;25.82848895;0.618108335;2.481500309;3313.913753;34.11345506;3313.152756;19.76846894;3278.488766;15.75410173;3179.795498;16.32129195
ROI_48_7.png;Esteatose Hepática;5.463293844;23.74318389;0.634335095;2.550576008;3273.620031;36.0792949;3298.114424;21.67333959;3259.053061;19.20461006;3160.83993;19.84551241
ROI_48_8.png;Esteatose Hepática;4.895256479;26.59121592;0.605595143;2.571979277;3270.866797;31.0634123;3287.107189;20.45497407;3253.011444;17.84043382;3157.040887;17.3860132
ROI_48_9.png;Esteatose Hepática;5.305966578;23.9682028;0.601771768;2.564075639;3300.513072;33.07936562;3307.555993;21.84068138;3263.446023;19.05927134;3167.058924;19.10389187
ROI_49_0.png;Esteatose Hepática;2.882776618;45.79719863;0.572807587;2.568585479;3284.4909;20.9348284;3298.739304;13.34719038;3262.290227;11.43120201;3168.301674;11.91373309
ROI_49_1.png;Esteatose Hepática;3.101988204;44.26130284;0.48542283;2.598265624;3284.653964;20.11767111;3293.5112;14.04516945;3249.956653;12.88238422;3157.872324;11.99852251
ROI_49_2.png;Esteatose Hepática;3.335847528;39.43567947;0.532540096;2.569755217;3290.472564;21.61550501;3297.906486;14.98924167;3259.022013;13.56160712;3165.42243;12.82829722
ROI_49_3.png;Esteatose Hepática;3.867102109;34.40401956;0.523313167;2.586191271;3255.865572;23.03459374;3272.033397;16.92252442;3240.987182;14.8256858;3147.44657;14.81496016
ROI_49_4.png;Esteatose Hepática;4.028236247;32.96656466;0.571280571;2.590004812;3235.847492;29.33456563;3256.612538;19.44070454;3212.818549;16.33437596;3124.440693;16.93845111
ROI_49_5.png;Esteatose Hepática;3.099651284;44.56709817;0.504957809;2.618298;3266.902372;20.67388638;3272.913504;14.29746168;3242.054337;13.06442575;3148.414284;12.75167821
ROI_49_6.png;Esteatose Hepática;3.207103053;41.96956132;0.535436699;2.598440701;3267.663964;19.45404875;3276.59702;14.6355597;3244.411289;12.60637846;3147.650384;12.3837999
ROI_49_7.png;Esteatose Hepática;2.995278192;45.17582033;0.51136553;2.584363649;3270.874237;23.2564885;3284.64078;14.53995683;3247.888202;13.08295075;3154.107457;11.66807485
ROI_49_8.png;Esteatose Hepática;3.602795949;35.91385754;0.514766292;2.579755837;3251.489814;21.76944394;3273.821489;15.45146357;3233.67686;13.64666505;3143.162095;13.72889778
ROI_49_9.png;Esteatose Hepática;3.281190211;40.09552728;0.591196685;2.585330519;3249.294953;23.79603338;3262.431403;16.25309349;3229.524872;13.28075589;3136.505953;13.82524877
ROI_50_0.png;Esteatose Hepática;4.384995099;29.53646564;0.617124965;2.569196188;3297.230489;27.33013775;3307.360955;18.06121848;3268.28312;15.67387636;3168.050178;15.68611031
ROI_50_1.png;Esteatose Hepática;5.122020802;25.801404;0.635699658;2.557559043;3259.773919;35.63284508;3273.720724;21.36504862;3243.507626;19.35759878;3146.380982;18.47424599
ROI_50_2.png;Esteatose Hepática;4.362028803;28.34316149;0.603724685;2.507953366;3299.157901;30.21812516;3305.817184;20.55513105;3275.272096;16.30694465;3174.306767;15.37865571
ROI_50_3.png;Esteatose Hepática;5.006397789;25.28480386;0.543133091;2.543303969;3250.683185;33.7179396;3264.077006;22.10713817;3236.002462;18.07572845;3142.658337;19.8491566
ROI_50_4.png;Esteatose Hepática;4.554264851;27.58336242;0.594634283;2.530128653;3298.129217;29.60639295;3311.242567;19.41459961;3268.332912;18.04832596;3170.787706;16.47729287
ROI_50_5.png;Esteatose Hepática;4.643543011;28.04424135;0.587424889;2.550514523;3291.708197;31.87659321;3308.210726;20.81804291;3269.382593;18.33725771;3173.467544;15.33804699
ROI_50_6.png;Esteatose Hepática;4.638828846;28.98162305;0.583916688;2.593889471;3279.288002;31.71750566;3285.292554;20.63698506;3252.382024;19.41952663;3154.659;17.83327966
ROI_50_7.png;Esteatose Hepática;4.194421104;30.36408625;0.559863193;2.567454299;3298.056115;26.35105377;3304.106677;18.25145526;3264.996694;15.22770338;3166.848422;16.60962284
ROI_50_8.png;Esteatose Hepática;4.382145977;30.6287903;0.584797465;2.607310729;3303.43595;26.60507399;3299.645166;17.11327154;3262.584961;16.45547726;3163.143997;15.82083433
ROI_50_9.png;Esteatose Hepática;5.249363616;25.2450643;0.5935215;2.583326193;3270.71955;32.85501882;3281.589975;22.15851711;3250.737624;18.64174481;3147.960515;19.74404899
ROI_51_0.png;Esteatose Hepática;3.621546503;35.45254589;0.626923225;2.534328809;3256.043786;30.66757021;3269.648812;20.01308852;3232.952837;14.78367956;3145.678356;14.15514388
ROI_51_1.png;Esteatose Hepática;4.812762149;26.87770148;0.632103803;2.530824513;3245.104571;34.26595466;3274.214891;22.92433598;3239.944066;20.27115191;3141.902114;17.81076042
ROI_51_2.png;Esteatose Hepática;4.361569039;29.17757166;0.632439731;2.503838;3283.928322;31.16673999;3299.662375;19.684833;3265.000093;17.47437439;3166.223668;16.22560385
ROI_51_3.png;Esteatose Hepática;4.358731146;29.08485334;0.676439164;2.478537749;3256.802222;34.25426991;3288.420901;23.11111844;3258.563521;17.01381599;3161.053778;15.11733997
ROI_51_4.png;Esteatose Hepática;4.312766173;30.36427784;0.678824424;2.522922284;3280.384525;35.13025312;3305.57104;21.19083382;3267.05097;16.49167375;3165.900085;15.00756792
ROI_51_5.png;Esteatose Hepática;4.469317085;27.09684984;0.653687044;2.473051469;3258.602489;33.69843066;3282.718412;20.00150088;3249.965178;15.1850717;3159.440106;18.13354519
ROI_51_6.png;Esteatose Hepática;3.882909247;31.77432464;0.652746701;2.46564643;3304.270049;30.56926316;3320.135384;17.35344925;3282.179171;15.35110547;3184.0287;13.26939766
ROI_51_7.png;Esteatose Hepática;4.153781803;29.74552812;0.654510847;2.501158664;3285.42102;32.25441906;3308.899152;16.75801504;3278.819001;15.21062055;3176.668142;14.61529464
ROI_51_8.png;Esteatose Hepática;4.787240554;27.86502568;0.657421013;2.508144829;3260.743732;30.05562709;3286.833068;21.03268581;3249.150633;17.1885664;3154.036599;17.59113041
ROI_51_9.png;Esteatose Hepática;4.941541469;26.45532711;0.639385129;2.507944733;3256.40602;34.84486408;3283.206533;23.68745234;3247.503905;17.58809517;3158.559199;15.2664442
ROI_52_0.png;Esteatose Hepática;4.93407258;26.75772043;0.508615973;2.629673685;3322.645026;31.01454217;3319.753222;18.66612373;3279.601369;17.43075988;3178.681754;16.41273623
ROI_52_1.png;Esteatose Hepática;4.161794992;32.89026859;0.492822523;2.642562266;3304.574724;24.51845755;3304.876648;16.30419309;3267.201938;15.73100677;3166.287857;14.05458884
ROI_52_2.png;Esteatose Hepática;4.369215331;30.681744;0.470550507;2.618215234;3302.705024;24.70211383;3310.535599;18.7490128;3269.016782;15.92748008;3169.843713;15.03458294
ROI_52_3.png;Esteatose Hepática;4.168120882;31.78442668;0.459357231;2.612154085;3298.120453;25.64813577;3299.268315;18.23388471;3265.090369;15.21393641;3166.78156;15.01741701
ROI_52_4.png;Esteatose Hepática;4.268494504;30.80665385;0.509631286;2.60351947;3312.863897;28.10755345;3312.500076;17.82737274;3283.835309;15.45010012;3184.325083;15.52948514
ROI_52_5.png;Esteatose Hepática;4.038906091;33.33144432;0.493587423;2.630139734;3277.602273;26.89194878;3280.874764;19.41875775;3255.211062;16.50072283;3164.624513;15.47034191
ROI_52_6.png;Esteatose Hepática;4.617132272;30.08775134;0.528515064;2.629279234;3293.204021;29.7272013;3294.45531;20.10593998;3249.328445;17.85082272;3155.943057;18.91427769
ROI_52_7.png;Esteatose Hepática;4.645437308;28.85798442;0.508357885;2.604970908;3297.910876;27.19331136;3304.364212;20.23360952;3261.204297;17.04667976;3164.15301;16.42575157
ROI_52_8.png;Esteatose Hepática;4.933152111;26.85406623;0.478952122;2.61462194;3288.514918;28.43517141;3290.799652;21.0836802;3261.238348;18.30784813;3162.250876;17.36028318
ROI_52_9.png;Esteatose Hepática;4.754425477;27.87515735;0.47845965;2.608117231;3321.574247;26.71102127;3324.894299;20.73029321;3284.850749;18.31569812;3176.001628;17.70300186
ROI_53_0.png;Esteatose Hepática;7.451065603;17.58319576;0.608917615;2.533811136;3246.019126;43.86982692;3271.089632;30.78987565;3237.900454;26.05731922;3142.404138;24.23589678
ROI_53_1.png;Esteatose Hepática;6.793438845;18.85350457;0.629326254;2.493864152;3262.397433;42.41035832;3281.66424;28.86384036;3244.03675;23.79296049;3154.214984;22.26143304
ROI_53_2.png;Esteatose Hepática;6.252354534;21.5933294;0.623948994;2.547648989;3266.85334;38.01473766;3278.880025;24.54737146;3244.778733;21.97062641;3150.148597;22.44674166
ROI_53_3.png;Esteatose Hepática;7.039331614;18.47496134;0.670380504;2.49983577;3254.297499;46.62672459;3271.25252;31.30452537;3239.378906;24.90242228;3152.373247;22.43977405
ROI_53_4.png;Esteatose Hepática;6.649441089;20.35499239;0.624869494;2.585411803;3258.062514;40.17358201;3277.045305;26.33297632;3239.8694;24.80697433;3149.188152;20.77985815
ROI_53_5.png;Esteatose Hepática;5.856135965;22.23914204;0.584570672;2.5739373;3302.041743;34.95300414;3314.069958;22.36213223;3273.412999;19.74515176;3169.002521;20.10547671
ROI_53_6.png;Esteatose Hepática;7.530510596;18.62004445;0.616900215;2.562576532;3249.633205;44.47774218;3267.064365;31.63089689;3228.09242;26.34103769;3135.202526;25.47505231
ROI_53_7.png;Esteatose Hepática;7.43122747;17.82391569;0.627062473;2.516903577;3219.425664;45.1843599;3235.465326;31.59336818;3209.250806;25.13808531;3120.286309;27.06342713
ROI_53_8.png;Esteatose Hepática;7.933078087;15.98220108;0.706916837;2.454206095;3112.23399;57.38024052;3160.25462;34.18976008;3149.817246;28.99517096;3070.303873;28.87159766
ROI_53_9.png;Esteatose Hepática;10.86977899;12.82820259;0.695473652;2.534451269;3025.431889;69.53608203;3079.378597;43.56760801;3070.900494;36.47272495;2999.884442;37.84852794
ROI_54_0.png;Esteatose Hepática;4.255210378;29.9294712;0.608419331;2.515626921;3310.433398;28.42060833;3321.701202;17.34282012;3282.747697;15.25519051;3186.345148;14.49127896
ROI_54_1.png;Esteatose Hepática;4.982685786;25.46978985;0.583194379;2.548153947;3290.752997;34.74199599;3291.473974;20.04224885;3257.212692;18.13796603;3157.843748;18.52713796
ROI_54_2.png;Esteatose Hepática;4.703690906;29.26874762;0.534235051;2.610463482;3273.36494;27.91546531;3289.565849;18.27756479;3251.930698;18.19156236;3162.014568;16.92300759
ROI_54_3.png;Esteatose Hepática;4.904011384;25.45508729;0.6189661;2.495787713;3295.626517;34.25872704;3310.292499;23.32993641;3268.706985;18.19445551;3172.065578;17.91183745
ROI_54_4.png;Esteatose Hepática;4.472129469;29.54941399;0.543026453;2.590436312;3304.042998;25.10165198;3298.947755;19.59523425;3269.660015;16.51641061;3173.834106;16.49278724
ROI_54_5.png;Esteatose Hepática;4.515519762;30.04642816;0.563201111;2.615608503;3310.03447;28.26766584;3314.77215;20.37924774;3278.381109;17.09998935;3181.774322;14.94288587
ROI_54_6.png;Esteatose Hepática;4.195344541;33.60105706;0.494449884;2.648211873;3303.434487;22.10613139;3309.649444;16.51846093;3268.007041;15.23022236;3168.701659;15.4775032
ROI_54_7.png;Esteatose Hepática;5.128345369;24.73653847;0.526374241;2.567454398;3297.458755;30.72657762;3315.436564;21.0699291;3269.450424;17.76331192;3172.460935;17.56581291
ROI_54_8.png;Esteatose Hepática;4.459088437;30.83703125;0.526841171;2.607869887;3311.712852;26.93103739;3317.521978;16.75350592;3273.161128;16.09854032;3172.164034;16.25484006
ROI_54_9.png;Esteatose Hepática;4.775298763;27.87606114;0.572307567;2.575797634;3310.275041;32.75729702;3318.11511;21.54522955;3282.184892;17.56356127;3179.238673;16.94613138
